source,target
https://arpeggio.framer.website/,https://arpeggio.framer.website/
https://arpeggio.framer.website/,https://arpeggio.framer.website/404
https://arpeggio.framer.website/,https://arpeggio.framer.website/about
https://arpeggio.framer.website/,https://arpeggio.framer.website/contact
https://arpeggio.framer.website/,https://arpeggio.framer.website/journal
https://arpeggio.framer.website/,https://arpeggio.framer.website/journal/ai-driven-design-beyond-the-basics
https://arpeggio.framer.website/,https://arpeggio.framer.website/journal/design-systems-the-bridge-between-creativity-and-consistency
https://arpeggio.framer.website/,https://arpeggio.framer.website/journal/sustainable-design-digital-ecology-in-practice
https://arpeggio.framer.website/,https://arpeggio.framer.website/journal/the-evolution-of-micro-interactions-in-2025
https://arpeggio.framer.website/,https://arpeggio.framer.website/journal/the-rise-of-subscription-based-design
https://arpeggio.framer.website/,https://arpeggio.framer.website/journal/typography-trends-reshaping-digital-experiences
https://arpeggio.framer.website/,https://arpeggio.framer.website/legal/disclaimer
https://arpeggio.framer.website/,https://arpeggio.framer.website/legal/privacy-policy
https://arpeggio.framer.website/,https://arpeggio.framer.website/legal/terms-of-service
https://arpeggio.framer.website/,https://arpeggio.framer.website/work
https://arpeggio.framer.website/,https://arpeggio.framer.website/work/boreal-vr-headset
https://arpeggio.framer.website/,https://arpeggio.framer.website/work/stride-apex
https://arpeggio.framer.website/,https://arpeggio.framer.website/work/velocity-motors
https://arpeggio.framer.website/about,https://arpeggio.framer.website/
https://arpeggio.framer.website/about,https://arpeggio.framer.website/404
https://arpeggio.framer.website/about,https://arpeggio.framer.website/about
https://arpeggio.framer.website/about,https://arpeggio.framer.website/contact
https://arpeggio.framer.website/about,https://arpeggio.framer.website/journal
https://arpeggio.framer.website/about,https://arpeggio.framer.website/legal/disclaimer
https://arpeggio.framer.website/about,https://arpeggio.framer.website/legal/privacy-policy
https://arpeggio.framer.website/about,https://arpeggio.framer.website/legal/terms-of-service
https://arpeggio.framer.website/about,https://arpeggio.framer.website/work
https://arpeggio.framer.website/about,https://arpeggio.framer.website/work/boreal-vr-headset
https://arpeggio.framer.website/contact,https://arpeggio.framer.website/
https://arpeggio.framer.website/contact,https://arpeggio.framer.website/404
https://arpeggio.framer.website/contact,https://arpeggio.framer.website/about
https://arpeggio.framer.website/contact,https://arpeggio.framer.website/contact
https://arpeggio.framer.website/contact,https://arpeggio.framer.website/journal
https://arpeggio.framer.website/contact,https://arpeggio.framer.website/legal/disclaimer
https://arpeggio.framer.website/contact,https://arpeggio.framer.website/legal/privacy-policy
https://arpeggio.framer.website/contact,https://arpeggio.framer.website/legal/terms-of-service
https://arpeggio.framer.website/contact,https://arpeggio.framer.website/work
https://arpeggio.framer.website/journal,https://arpeggio.framer.website/
https://arpeggio.framer.website/journal,https://arpeggio.framer.website/404
https://arpeggio.framer.website/journal,https://arpeggio.framer.website/about
https://arpeggio.framer.website/journal,https://arpeggio.framer.website/contact
https://arpeggio.framer.website/journal,https://arpeggio.framer.website/journal
https://arpeggio.framer.website/journal,https://arpeggio.framer.website/journal/ai-driven-design-beyond-the-basics
https://arpeggio.framer.website/journal,https://arpeggio.framer.website/journal/design-systems-the-bridge-between-creativity-and-consistency
https://arpeggio.framer.website/journal,https://arpeggio.framer.website/journal/sustainable-design-digital-ecology-in-practice
https://arpeggio.framer.website/journal,https://arpeggio.framer.website/journal/the-evolution-of-micro-interactions-in-2025
https://arpeggio.framer.website/journal,https://arpeggio.framer.website/journal/typography-trends-reshaping-digital-experiences
https://arpeggio.framer.website/journal,https://arpeggio.framer.website/legal/disclaimer
https://arpeggio.framer.website/journal,https://arpeggio.framer.website/legal/privacy-policy
https://arpeggio.framer.website/journal,https://arpeggio.framer.website/legal/terms-of-service
https://arpeggio.framer.website/journal,https://arpeggio.framer.website/work
https://arpeggio.framer.website/journal/ai-driven-design-beyond-the-basics,https://arpeggio.framer.website/
https://arpeggio.framer.website/journal/ai-driven-design-beyond-the-basics,https://arpeggio.framer.website/404
https://arpeggio.framer.website/journal/ai-driven-design-beyond-the-basics,https://arpeggio.framer.website/about
https://arpeggio.framer.website/journal/ai-driven-design-beyond-the-basics,https://arpeggio.framer.website/contact
https://arpeggio.framer.website/journal/ai-driven-design-beyond-the-basics,https://arpeggio.framer.website/journal
https://arpeggio.framer.website/journal/ai-driven-design-beyond-the-basics,https://arpeggio.framer.website/journal/design-systems-the-bridge-between-creativity-and-consistency
https://arpeggio.framer.website/journal/ai-driven-design-beyond-the-basics,https://arpeggio.framer.website/journal/sustainable-design-digital-ecology-in-practice
https://arpeggio.framer.website/journal/ai-driven-design-beyond-the-basics,https://arpeggio.framer.website/journal/the-evolution-of-micro-interactions-in-2025
https://arpeggio.framer.website/journal/ai-driven-design-beyond-the-basics,https://arpeggio.framer.website/journal/the-new-wave-of-design-animation
https://arpeggio.framer.website/journal/ai-driven-design-beyond-the-basics,https://arpeggio.framer.website/journal/typography-trends-reshaping-digital-experiences
https://arpeggio.framer.website/journal/ai-driven-design-beyond-the-basics,https://arpeggio.framer.website/legal/disclaimer
https://arpeggio.framer.website/journal/ai-driven-design-beyond-the-basics,https://arpeggio.framer.website/legal/privacy-policy
https://arpeggio.framer.website/journal/ai-driven-design-beyond-the-basics,https://arpeggio.framer.website/legal/terms-of-service
https://arpeggio.framer.website/journal/ai-driven-design-beyond-the-basics,https://arpeggio.framer.website/work
https://arpeggio.framer.website/journal/design-systems-the-bridge-between-creativity-and-consistency,https://arpeggio.framer.website/
https://arpeggio.framer.website/journal/design-systems-the-bridge-between-creativity-and-consistency,https://arpeggio.framer.website/404
https://arpeggio.framer.website/journal/design-systems-the-bridge-between-creativity-and-consistency,https://arpeggio.framer.website/about
https://arpeggio.framer.website/journal/design-systems-the-bridge-between-creativity-and-consistency,https://arpeggio.framer.website/contact
https://arpeggio.framer.website/journal/design-systems-the-bridge-between-creativity-and-consistency,https://arpeggio.framer.website/journal
https://arpeggio.framer.website/journal/design-systems-the-bridge-between-creativity-and-consistency,https://arpeggio.framer.website/journal/ai-driven-design-beyond-the-basics
https://arpeggio.framer.website/journal/design-systems-the-bridge-between-creativity-and-consistency,https://arpeggio.framer.website/journal/sustainable-design-digital-ecology-in-practice
https://arpeggio.framer.website/journal/design-systems-the-bridge-between-creativity-and-consistency,https://arpeggio.framer.website/journal/the-evolution-of-micro-interactions-in-2025
https://arpeggio.framer.website/journal/design-systems-the-bridge-between-creativity-and-consistency,https://arpeggio.framer.website/journal/the-new-wave-of-design-animation
https://arpeggio.framer.website/journal/design-systems-the-bridge-between-creativity-and-consistency,https://arpeggio.framer.website/journal/typography-trends-reshaping-digital-experiences
https://arpeggio.framer.website/journal/design-systems-the-bridge-between-creativity-and-consistency,https://arpeggio.framer.website/legal/disclaimer
https://arpeggio.framer.website/journal/design-systems-the-bridge-between-creativity-and-consistency,https://arpeggio.framer.website/legal/privacy-policy
https://arpeggio.framer.website/journal/design-systems-the-bridge-between-creativity-and-consistency,https://arpeggio.framer.website/legal/terms-of-service
https://arpeggio.framer.website/journal/design-systems-the-bridge-between-creativity-and-consistency,https://arpeggio.framer.website/work
https://arpeggio.framer.website/journal/sustainable-design-digital-ecology-in-practice,https://arpeggio.framer.website/
https://arpeggio.framer.website/journal/sustainable-design-digital-ecology-in-practice,https://arpeggio.framer.website/404
https://arpeggio.framer.website/journal/sustainable-design-digital-ecology-in-practice,https://arpeggio.framer.website/about
https://arpeggio.framer.website/journal/sustainable-design-digital-ecology-in-practice,https://arpeggio.framer.website/contact
https://arpeggio.framer.website/journal/sustainable-design-digital-ecology-in-practice,https://arpeggio.framer.website/journal
https://arpeggio.framer.website/journal/sustainable-design-digital-ecology-in-practice,https://arpeggio.framer.website/journal/ai-driven-design-beyond-the-basics
https://arpeggio.framer.website/journal/sustainable-design-digital-ecology-in-practice,https://arpeggio.framer.website/journal/design-systems-the-bridge-between-creativity-and-consistency
https://arpeggio.framer.website/journal/sustainable-design-digital-ecology-in-practice,https://arpeggio.framer.website/journal/the-evolution-of-micro-interactions-in-2025
https://arpeggio.framer.website/journal/sustainable-design-digital-ecology-in-practice,https://arpeggio.framer.website/journal/the-new-wave-of-design-animation
https://arpeggio.framer.website/journal/sustainable-design-digital-ecology-in-practice,https://arpeggio.framer.website/journal/typography-trends-reshaping-digital-experiences
https://arpeggio.framer.website/journal/sustainable-design-digital-ecology-in-practice,https://arpeggio.framer.website/legal/disclaimer
https://arpeggio.framer.website/journal/sustainable-design-digital-ecology-in-practice,https://arpeggio.framer.website/legal/privacy-policy
https://arpeggio.framer.website/journal/sustainable-design-digital-ecology-in-practice,https://arpeggio.framer.website/legal/terms-of-service
https://arpeggio.framer.website/journal/sustainable-design-digital-ecology-in-practice,https://arpeggio.framer.website/work
https://arpeggio.framer.website/journal/the-evolution-of-micro-interactions-in-2025,https://arpeggio.framer.website/
https://arpeggio.framer.website/journal/the-evolution-of-micro-interactions-in-2025,https://arpeggio.framer.website/404
https://arpeggio.framer.website/journal/the-evolution-of-micro-interactions-in-2025,https://arpeggio.framer.website/about
https://arpeggio.framer.website/journal/the-evolution-of-micro-interactions-in-2025,https://arpeggio.framer.website/contact
https://arpeggio.framer.website/journal/the-evolution-of-micro-interactions-in-2025,https://arpeggio.framer.website/journal
https://arpeggio.framer.website/journal/the-evolution-of-micro-interactions-in-2025,https://arpeggio.framer.website/journal/ai-driven-design-beyond-the-basics
https://arpeggio.framer.website/journal/the-evolution-of-micro-interactions-in-2025,https://arpeggio.framer.website/journal/design-systems-the-bridge-between-creativity-and-consistency
https://arpeggio.framer.website/journal/the-evolution-of-micro-interactions-in-2025,https://arpeggio.framer.website/journal/sustainable-design-digital-ecology-in-practice
https://arpeggio.framer.website/journal/the-evolution-of-micro-interactions-in-2025,https://arpeggio.framer.website/journal/the-new-wave-of-design-animation
https://arpeggio.framer.website/journal/the-evolution-of-micro-interactions-in-2025,https://arpeggio.framer.website/journal/the-rise-of-subscription-based-design
https://arpeggio.framer.website/journal/the-evolution-of-micro-interactions-in-2025,https://arpeggio.framer.website/journal/typography-trends-reshaping-digital-experiences
https://arpeggio.framer.website/journal/the-evolution-of-micro-interactions-in-2025,https://arpeggio.framer.website/legal/disclaimer
https://arpeggio.framer.website/journal/the-evolution-of-micro-interactions-in-2025,https://arpeggio.framer.website/legal/privacy-policy
https://arpeggio.framer.website/journal/the-evolution-of-micro-interactions-in-2025,https://arpeggio.framer.website/legal/terms-of-service
https://arpeggio.framer.website/journal/the-evolution-of-micro-interactions-in-2025,https://arpeggio.framer.website/work
https://arpeggio.framer.website/journal/the-new-wave-of-design-animation,https://arpeggio.framer.website/
https://arpeggio.framer.website/journal/the-new-wave-of-design-animation,https://arpeggio.framer.website/404
https://arpeggio.framer.website/journal/the-new-wave-of-design-animation,https://arpeggio.framer.website/about
https://arpeggio.framer.website/journal/the-new-wave-of-design-animation,https://arpeggio.framer.website/contact
https://arpeggio.framer.website/journal/the-new-wave-of-design-animation,https://arpeggio.framer.website/journal
https://arpeggio.framer.website/journal/the-new-wave-of-design-animation,https://arpeggio.framer.website/journal/ai-driven-design-beyond-the-basics
https://arpeggio.framer.website/journal/the-new-wave-of-design-animation,https://arpeggio.framer.website/journal/design-systems-the-bridge-between-creativity-and-consistency
https://arpeggio.framer.website/journal/the-new-wave-of-design-animation,https://arpeggio.framer.website/journal/sustainable-design-digital-ecology-in-practice
https://arpeggio.framer.website/journal/the-new-wave-of-design-animation,https://arpeggio.framer.website/journal/the-evolution-of-micro-interactions-in-2025
https://arpeggio.framer.website/journal/the-new-wave-of-design-animation,https://arpeggio.framer.website/journal/the-rise-of-subscription-based-design
https://arpeggio.framer.website/journal/the-new-wave-of-design-animation,https://arpeggio.framer.website/journal/typography-trends-reshaping-digital-experiences
https://arpeggio.framer.website/journal/the-new-wave-of-design-animation,https://arpeggio.framer.website/legal/disclaimer
https://arpeggio.framer.website/journal/the-new-wave-of-design-animation,https://arpeggio.framer.website/legal/privacy-policy
https://arpeggio.framer.website/journal/the-new-wave-of-design-animation,https://arpeggio.framer.website/legal/terms-of-service
https://arpeggio.framer.website/journal/the-new-wave-of-design-animation,https://arpeggio.framer.website/work
https://arpeggio.framer.website/journal/the-rise-of-subscription-based-design,https://arpeggio.framer.website/
https://arpeggio.framer.website/journal/the-rise-of-subscription-based-design,https://arpeggio.framer.website/404
https://arpeggio.framer.website/journal/the-rise-of-subscription-based-design,https://arpeggio.framer.website/about
https://arpeggio.framer.website/journal/the-rise-of-subscription-based-design,https://arpeggio.framer.website/contact
https://arpeggio.framer.website/journal/the-rise-of-subscription-based-design,https://arpeggio.framer.website/journal
https://arpeggio.framer.website/journal/the-rise-of-subscription-based-design,https://arpeggio.framer.website/journal/ai-driven-design-beyond-the-basics
https://arpeggio.framer.website/journal/the-rise-of-subscription-based-design,https://arpeggio.framer.website/journal/design-systems-the-bridge-between-creativity-and-consistency
https://arpeggio.framer.website/journal/the-rise-of-subscription-based-design,https://arpeggio.framer.website/journal/sustainable-design-digital-ecology-in-practice
https://arpeggio.framer.website/journal/the-rise-of-subscription-based-design,https://arpeggio.framer.website/journal/the-evolution-of-micro-interactions-in-2025
https://arpeggio.framer.website/journal/the-rise-of-subscription-based-design,https://arpeggio.framer.website/journal/the-new-wave-of-design-animation
https://arpeggio.framer.website/journal/the-rise-of-subscription-based-design,https://arpeggio.framer.website/journal/typography-trends-reshaping-digital-experiences
https://arpeggio.framer.website/journal/the-rise-of-subscription-based-design,https://arpeggio.framer.website/legal/disclaimer
https://arpeggio.framer.website/journal/the-rise-of-subscription-based-design,https://arpeggio.framer.website/legal/privacy-policy
https://arpeggio.framer.website/journal/the-rise-of-subscription-based-design,https://arpeggio.framer.website/legal/terms-of-service
https://arpeggio.framer.website/journal/the-rise-of-subscription-based-design,https://arpeggio.framer.website/work
https://arpeggio.framer.website/journal/typography-trends-reshaping-digital-experiences,https://arpeggio.framer.website/
https://arpeggio.framer.website/journal/typography-trends-reshaping-digital-experiences,https://arpeggio.framer.website/404
https://arpeggio.framer.website/journal/typography-trends-reshaping-digital-experiences,https://arpeggio.framer.website/about
https://arpeggio.framer.website/journal/typography-trends-reshaping-digital-experiences,https://arpeggio.framer.website/contact
https://arpeggio.framer.website/journal/typography-trends-reshaping-digital-experiences,https://arpeggio.framer.website/journal
https://arpeggio.framer.website/journal/typography-trends-reshaping-digital-experiences,https://arpeggio.framer.website/journal/ai-driven-design-beyond-the-basics
https://arpeggio.framer.website/journal/typography-trends-reshaping-digital-experiences,https://arpeggio.framer.website/journal/design-systems-the-bridge-between-creativity-and-consistency
https://arpeggio.framer.website/journal/typography-trends-reshaping-digital-experiences,https://arpeggio.framer.website/journal/sustainable-design-digital-ecology-in-practice
https://arpeggio.framer.website/journal/typography-trends-reshaping-digital-experiences,https://arpeggio.framer.website/journal/the-evolution-of-micro-interactions-in-2025
https://arpeggio.framer.website/journal/typography-trends-reshaping-digital-experiences,https://arpeggio.framer.website/journal/the-new-wave-of-design-animation
https://arpeggio.framer.website/journal/typography-trends-reshaping-digital-experiences,https://arpeggio.framer.website/legal/disclaimer
https://arpeggio.framer.website/journal/typography-trends-reshaping-digital-experiences,https://arpeggio.framer.website/legal/privacy-policy
https://arpeggio.framer.website/journal/typography-trends-reshaping-digital-experiences,https://arpeggio.framer.website/legal/terms-of-service
https://arpeggio.framer.website/journal/typography-trends-reshaping-digital-experiences,https://arpeggio.framer.website/work
https://arpeggio.framer.website/legal/disclaimer,https://arpeggio.framer.website/
https://arpeggio.framer.website/legal/disclaimer,https://arpeggio.framer.website/404
https://arpeggio.framer.website/legal/disclaimer,https://arpeggio.framer.website/about
https://arpeggio.framer.website/legal/disclaimer,https://arpeggio.framer.website/contact
https://arpeggio.framer.website/legal/disclaimer,https://arpeggio.framer.website/journal
https://arpeggio.framer.website/legal/disclaimer,https://arpeggio.framer.website/legal/disclaimer
https://arpeggio.framer.website/legal/disclaimer,https://arpeggio.framer.website/legal/privacy-policy
https://arpeggio.framer.website/legal/disclaimer,https://arpeggio.framer.website/legal/terms-of-service
https://arpeggio.framer.website/legal/disclaimer,https://arpeggio.framer.website/work
https://arpeggio.framer.website/legal/privacy-policy,https://arpeggio.framer.website/
https://arpeggio.framer.website/legal/privacy-policy,https://arpeggio.framer.website/404
https://arpeggio.framer.website/legal/privacy-policy,https://arpeggio.framer.website/about
https://arpeggio.framer.website/legal/privacy-policy,https://arpeggio.framer.website/contact
https://arpeggio.framer.website/legal/privacy-policy,https://arpeggio.framer.website/journal
https://arpeggio.framer.website/legal/privacy-policy,https://arpeggio.framer.website/legal/disclaimer
https://arpeggio.framer.website/legal/privacy-policy,https://arpeggio.framer.website/legal/privacy-policy
https://arpeggio.framer.website/legal/privacy-policy,https://arpeggio.framer.website/legal/terms-of-service
https://arpeggio.framer.website/legal/privacy-policy,https://arpeggio.framer.website/work
https://arpeggio.framer.website/legal/terms-of-service,https://arpeggio.framer.website/
https://arpeggio.framer.website/legal/terms-of-service,https://arpeggio.framer.website/404
https://arpeggio.framer.website/legal/terms-of-service,https://arpeggio.framer.website/about
https://arpeggio.framer.website/legal/terms-of-service,https://arpeggio.framer.website/contact
https://arpeggio.framer.website/legal/terms-of-service,https://arpeggio.framer.website/journal
https://arpeggio.framer.website/legal/terms-of-service,https://arpeggio.framer.website/legal/disclaimer
https://arpeggio.framer.website/legal/terms-of-service,https://arpeggio.framer.website/legal/privacy-policy
https://arpeggio.framer.website/legal/terms-of-service,https://arpeggio.framer.website/legal/terms-of-service
https://arpeggio.framer.website/legal/terms-of-service,https://arpeggio.framer.website/work
https://arpeggio.framer.website/work,https://arpeggio.framer.website/
https://arpeggio.framer.website/work,https://arpeggio.framer.website/404
https://arpeggio.framer.website/work,https://arpeggio.framer.website/about
https://arpeggio.framer.website/work,https://arpeggio.framer.website/contact
https://arpeggio.framer.website/work,https://arpeggio.framer.website/journal
https://arpeggio.framer.website/work,https://arpeggio.framer.website/legal/disclaimer
https://arpeggio.framer.website/work,https://arpeggio.framer.website/legal/privacy-policy
https://arpeggio.framer.website/work,https://arpeggio.framer.website/legal/terms-of-service
https://arpeggio.framer.website/work,https://arpeggio.framer.website/work
https://arpeggio.framer.website/work,https://arpeggio.framer.website/work/boreal-vr-headset
https://arpeggio.framer.website/work,https://arpeggio.framer.website/work/frost-tracker
https://arpeggio.framer.website/work,https://arpeggio.framer.website/work/hoekstra-studio
https://arpeggio.framer.website/work,https://arpeggio.framer.website/work/mercate-diretto
https://arpeggio.framer.website/work,https://arpeggio.framer.website/work/stride-apex
https://arpeggio.framer.website/work,https://arpeggio.framer.website/work/velocity-motors
https://arpeggio.framer.website/work,https://arpeggio.framer.website/work/vespa-tours-florence
https://arpeggio.framer.website/work/boreal-vr-headset,https://arpeggio.framer.website/
https://arpeggio.framer.website/work/boreal-vr-headset,https://arpeggio.framer.website/404
https://arpeggio.framer.website/work/boreal-vr-headset,https://arpeggio.framer.website/about
https://arpeggio.framer.website/work/boreal-vr-headset,https://arpeggio.framer.website/contact
https://arpeggio.framer.website/work/boreal-vr-headset,https://arpeggio.framer.website/journal
https://arpeggio.framer.website/work/boreal-vr-headset,https://arpeggio.framer.website/legal/disclaimer
https://arpeggio.framer.website/work/boreal-vr-headset,https://arpeggio.framer.website/legal/privacy-policy
https://arpeggio.framer.website/work/boreal-vr-headset,https://arpeggio.framer.website/legal/terms-of-service
https://arpeggio.framer.website/work/boreal-vr-headset,https://arpeggio.framer.website/work
https://arpeggio.framer.website/work/boreal-vr-headset,https://arpeggio.framer.website/work/frost-tracker
https://arpeggio.framer.website/work/boreal-vr-headset,https://arpeggio.framer.website/work/hoekstra-studio
https://arpeggio.framer.website/work/boreal-vr-headset,https://arpeggio.framer.website/work/stride-apex
https://arpeggio.framer.website/work/boreal-vr-headset,https://arpeggio.framer.website/work/velocity-motors
https://arpeggio.framer.website/work/frost-tracker,https://arpeggio.framer.website/
https://arpeggio.framer.website/work/frost-tracker,https://arpeggio.framer.website/404
https://arpeggio.framer.website/work/frost-tracker,https://arpeggio.framer.website/about
https://arpeggio.framer.website/work/frost-tracker,https://arpeggio.framer.website/contact
https://arpeggio.framer.website/work/frost-tracker,https://arpeggio.framer.website/journal
https://arpeggio.framer.website/work/frost-tracker,https://arpeggio.framer.website/legal/disclaimer
https://arpeggio.framer.website/work/frost-tracker,https://arpeggio.framer.website/legal/privacy-policy
https://arpeggio.framer.website/work/frost-tracker,https://arpeggio.framer.website/legal/terms-of-service
https://arpeggio.framer.website/work/frost-tracker,https://arpeggio.framer.website/work
https://arpeggio.framer.website/work/frost-tracker,https://arpeggio.framer.website/work/boreal-vr-headset
https://arpeggio.framer.website/work/frost-tracker,https://arpeggio.framer.website/work/hoekstra-studio
https://arpeggio.framer.website/work/frost-tracker,https://arpeggio.framer.website/work/stride-apex
https://arpeggio.framer.website/work/frost-tracker,https://arpeggio.framer.website/work/velocity-motors
https://arpeggio.framer.website/work/frost-tracker,https://arpeggio.framer.website/work/vespa-tours-florence
https://arpeggio.framer.website/work/hoekstra-studio,https://arpeggio.framer.website/
https://arpeggio.framer.website/work/hoekstra-studio,https://arpeggio.framer.website/404
https://arpeggio.framer.website/work/hoekstra-studio,https://arpeggio.framer.website/about
https://arpeggio.framer.website/work/hoekstra-studio,https://arpeggio.framer.website/contact
https://arpeggio.framer.website/work/hoekstra-studio,https://arpeggio.framer.website/journal
https://arpeggio.framer.website/work/hoekstra-studio,https://arpeggio.framer.website/legal/disclaimer
https://arpeggio.framer.website/work/hoekstra-studio,https://arpeggio.framer.website/legal/privacy-policy
https://arpeggio.framer.website/work/hoekstra-studio,https://arpeggio.framer.website/legal/terms-of-service
https://arpeggio.framer.website/work/hoekstra-studio,https://arpeggio.framer.website/work
https://arpeggio.framer.website/work/hoekstra-studio,https://arpeggio.framer.website/work/boreal-vr-headset
https://arpeggio.framer.website/work/hoekstra-studio,https://arpeggio.framer.website/work/frost-tracker
https://arpeggio.framer.website/work/hoekstra-studio,https://arpeggio.framer.website/work/stride-apex
https://arpeggio.framer.website/work/hoekstra-studio,https://arpeggio.framer.website/work/velocity-motors
https://arpeggio.framer.website/work/mercate-diretto,https://arpeggio.framer.website/
https://arpeggio.framer.website/work/mercate-diretto,https://arpeggio.framer.website/404
https://arpeggio.framer.website/work/mercate-diretto,https://arpeggio.framer.website/about
https://arpeggio.framer.website/work/mercate-diretto,https://arpeggio.framer.website/contact
https://arpeggio.framer.website/work/mercate-diretto,https://arpeggio.framer.website/journal
https://arpeggio.framer.website/work/mercate-diretto,https://arpeggio.framer.website/legal/disclaimer
https://arpeggio.framer.website/work/mercate-diretto,https://arpeggio.framer.website/legal/privacy-policy
https://arpeggio.framer.website/work/mercate-diretto,https://arpeggio.framer.website/legal/terms-of-service
https://arpeggio.framer.website/work/mercate-diretto,https://arpeggio.framer.website/work
https://arpeggio.framer.website/work/mercate-diretto,https://arpeggio.framer.website/work/boreal-vr-headset
https://arpeggio.framer.website/work/mercate-diretto,https://arpeggio.framer.website/work/hoekstra-studio
https://arpeggio.framer.website/work/mercate-diretto,https://arpeggio.framer.website/work/stride-apex
https://arpeggio.framer.website/work/mercate-diretto,https://arpeggio.framer.website/work/velocity-motors
https://arpeggio.framer.website/work/mercate-diretto,https://arpeggio.framer.website/work/vespa-tours-florence
https://arpeggio.framer.website/work/stride-apex,https://arpeggio.framer.website/
https://arpeggio.framer.website/work/stride-apex,https://arpeggio.framer.website/404
https://arpeggio.framer.website/work/stride-apex,https://arpeggio.framer.website/about
https://arpeggio.framer.website/work/stride-apex,https://arpeggio.framer.website/contact
https://arpeggio.framer.website/work/stride-apex,https://arpeggio.framer.website/journal
https://arpeggio.framer.website/work/stride-apex,https://arpeggio.framer.website/legal/disclaimer
https://arpeggio.framer.website/work/stride-apex,https://arpeggio.framer.website/legal/privacy-policy
https://arpeggio.framer.website/work/stride-apex,https://arpeggio.framer.website/legal/terms-of-service
https://arpeggio.framer.website/work/stride-apex,https://arpeggio.framer.website/work
https://arpeggio.framer.website/work/stride-apex,https://arpeggio.framer.website/work/boreal-vr-headset
https://arpeggio.framer.website/work/stride-apex,https://arpeggio.framer.website/work/frost-tracker
https://arpeggio.framer.website/work/stride-apex,https://arpeggio.framer.website/work/hoekstra-studio
https://arpeggio.framer.website/work/stride-apex,https://arpeggio.framer.website/work/velocity-motors
https://arpeggio.framer.website/work/velocity-motors,https://arpeggio.framer.website/
https://arpeggio.framer.website/work/velocity-motors,https://arpeggio.framer.website/404
https://arpeggio.framer.website/work/velocity-motors,https://arpeggio.framer.website/about
https://arpeggio.framer.website/work/velocity-motors,https://arpeggio.framer.website/contact
https://arpeggio.framer.website/work/velocity-motors,https://arpeggio.framer.website/journal
https://arpeggio.framer.website/work/velocity-motors,https://arpeggio.framer.website/legal/disclaimer
https://arpeggio.framer.website/work/velocity-motors,https://arpeggio.framer.website/legal/privacy-policy
https://arpeggio.framer.website/work/velocity-motors,https://arpeggio.framer.website/legal/terms-of-service
https://arpeggio.framer.website/work/velocity-motors,https://arpeggio.framer.website/work
https://arpeggio.framer.website/work/velocity-motors,https://arpeggio.framer.website/work/boreal-vr-headset
https://arpeggio.framer.website/work/velocity-motors,https://arpeggio.framer.website/work/frost-tracker
https://arpeggio.framer.website/work/velocity-motors,https://arpeggio.framer.website/work/hoekstra-studio
https://arpeggio.framer.website/work/velocity-motors,https://arpeggio.framer.website/work/stride-apex
https://arpeggio.framer.website/work/vespa-tours-florence,https://arpeggio.framer.website/
https://arpeggio.framer.website/work/vespa-tours-florence,https://arpeggio.framer.website/404
https://arpeggio.framer.website/work/vespa-tours-florence,https://arpeggio.framer.website/about
https://arpeggio.framer.website/work/vespa-tours-florence,https://arpeggio.framer.website/contact
https://arpeggio.framer.website/work/vespa-tours-florence,https://arpeggio.framer.website/journal
https://arpeggio.framer.website/work/vespa-tours-florence,https://arpeggio.framer.website/legal/disclaimer
https://arpeggio.framer.website/work/vespa-tours-florence,https://arpeggio.framer.website/legal/privacy-policy
https://arpeggio.framer.website/work/vespa-tours-florence,https://arpeggio.framer.website/legal/terms-of-service
https://arpeggio.framer.website/work/vespa-tours-florence,https://arpeggio.framer.website/work
https://arpeggio.framer.website/work/vespa-tours-florence,https://arpeggio.framer.website/work/boreal-vr-headset
https://arpeggio.framer.website/work/vespa-tours-florence,https://arpeggio.framer.website/work/frost-tracker
https://arpeggio.framer.website/work/vespa-tours-florence,https://arpeggio.framer.website/work/hoekstra-studio
https://arpeggio.framer.website/work/vespa-tours-florence,https://arpeggio.framer.website/work/mercate-diretto
https://arpeggio.framer.website/work/vespa-tours-florence,https://arpeggio.framer.website/work/stride-apex
https://arpeggio.framer.website/work/vespa-tours-florence,https://arpeggio.framer.website/work/velocity-motors
