route,action,before,after,verified,notes
/work,search Boreal,"['./work/boreal-vr-headset#top', './work/stride-apex#top', './work/velocity-motors#top', './work/frost-tracker#top', './work/hoekstra-studio#top', './work/mercate-diretto#top', './work/vespa-tours-florence#top']","['./work/boreal-vr-headset#top', './work/stride-apex#top', './work/velocity-motors#top', './work/frost-tracker#top']",True,links observed; browser event filter
/work,empty search,Boreal,"We transform brands. \nYour success is next.\n\nStart your project now by booking a one-on-one consultation with our expert.\n\nbook a call\n\nchat on whatsapp\n\nMeet the partners who are part of our success story\n\nWe are currently based in Milano and work remotely.\n\n17:21:12\n\nTimezone (GMT+1)\n\nHome\n\nWork\n\nAbout\n\nMembership\n\nJournal\n\nContact\n\nPrivacy Policy\n\nTerms of Service\n\nDisclaimer\n\n404\n\nMore Templates\n\nStay in the Loop\n\nStay informed about our latest  news, updates by subscribing to our newsletter.\n\nWe respect your inbox. No spam, just valuable updates.\n\nYour email\n\nWhatsapp\n\nX\n\nLinkedin\n\nInstagram\n\nEmail\n\nOffline",False,no-data recovery behavior
/work,category Branding,"['./work/boreal-vr-headset#top', './work/stride-apex#top', './work/velocity-motors#top', './work/frost-tracker#top']","['./work/boreal-vr-headset#top', './work/stride-apex#top', './work/velocity-motors#top', './work/frost-tracker#top', './work/hoekstra-studio#top', './work/vespa-tours-florence#top']",False,category must affect visible cards
/journal,search Typography,"['./journal/the-evolution-of-micro-interactions-in-2025', './journal/design-systems-the-bridge-between-creativity-and-consistency', './journal/ai-driven-design-beyond-the-basics', './journal/typography-trends-reshaping-digital-experiences', './journal/sustainable-design-digital-ecology-in-practice']","['./journal/the-evolution-of-micro-interactions-in-2025', './journal/design-systems-the-bridge-between-creativity-and-consistency', './journal/ai-driven-design-beyond-the-basics', './journal/typography-trends-reshaping-digital-experiences', './journal/sustainable-design-digital-ecology-in-practice']",False,searchable editorial archive
/contact,visible form field contract,,"[{'tag': 'SELECT', 'placeholder': '', 'name': 'Service', 'type': 'select-one', 'required': False, 'opts': ['Select service', 'Full Stack Website Design', 'UI Design', 'Framer Development', 'Brand Identity Design']}, {'tag': 'SELECT', 'placeholder': '', 'name': 'Budget', 'type': 'select-one', 'required': False, 'opts': ['What is your budget?', 'Under € 10K', '€ 10K - € 20K', '€ 20K - € 50K', '€ 50K+']}, {'tag': 'INPUT', 'placeholder': 'Your name', 'name': 'Your name', 'type': 'text', 'required': True, 'opts': []}, {'tag': 'INPUT', 'placeholder': 'Your email', 'name': 'Your email', 'type': 'email', 'required': True",True,"visible fields only, hidden honeypots excluded; no PII/submission"
/contact,CTA destinations,,"[{'text': 'schedule now', 'href': 'https://www.calendly.com'}, {'text': 'start chat', 'href': 'https://www.whatsapp.com'}, {'text': 'send email', 'href': 'mailto:hey@arpeggio.com'}]",True,provider handoff not performed
/,membership controls,,"[{'text': 'Core Plan\n\nPro Plan', 'tag': 'BUTTON', 'href': None, 'aria': None, 'role': None}, {'text': 'select plan', 'tag': 'A', 'href': 'https://buy.polar.sh/polar_cl_uUxLiPaNp6wGxjWxzGFB3yHG8rsZHwx4LjIFP3rKOyh', 'aria': None, 'role': None}, {'text': 'quick call', 'tag': 'A', 'href': './contact', 'aria': None, 'role': None}]",True,check plan CTA destinations before asserting tier switching
/,select Pro Plan,Core Plan,"Membership Plans\n\npricing\n\nYour passport to flexible design revisions\n\nGet unlimited creativity and all premium features with our monthly All-In-One plan.\n\nArpeggio\n\nCore Plan\n\n* Pause or cancel whenever you wish.\n\nCore Plan\n\nPro Plan\n\nSimple pricing, powerful features, no hidden fees\n\n$5,499\n\n/month\n\n* Minimal booking period — 2 months.\n\nSchedule a brief call if you need further clarification.\n\nselect plan\n\nquick call\n\nFirst Mockup in 72hrs\n\nInitial design concepts delivered in 3 days with quality-focused execution\n\nSingle Project Queue\n\nDedicated project queue ensuring focused attention on your requirements\n\nBa",True,"selected Pro control, pricing visibility only"
/work/boreal-vr-headset,case narrative structure,,"{'headings': ['Boreal VR Headset', 'Overview', 'The Challenge', 'The Solution', 'Boreal VR Headset', 'Performance Results', 'Final thoughts', 'Boreal Vision has successfully bridged the gap between professional-grade VR performance and consumer-friendly design. Its success demonstrates that thoughtful design and user-centric engineering can solve long-standing challenges in VR technology, setting new standards for the industry.', 'Credits', 'More Projects', 'load more projects', 'We transform brands. \nYour success is next.'], 'links': [{'text': 'Visit Live Site', 'href': 'https://framer.link/5dre7OP'}]}",True,"challenge -> solution -> results -> credits/next, outcomes template claims"
/,mobile menu open,"{'n': 0, 'vis': 'One subscription,\nunlimited design iterations.\n\n\nFreedom beyond the traditional project scope\n\nDesign that\n\ncaptivates today\n\n& inspires\n\ntomorrow.\n\nBoreal VR Headset\n\nNordvision\n\nVR Headset Product Design\n\nStride Apex\n\n'}","{'n': 0, 'close': False, 'vis': 'One subscription,\nunlimited design iterations.\n\n\nFreedom beyond the traditional project scope\n\nDesign that\n\ncaptivates today\n\n& inspires\n\ntomorrow.\n\nBoreal VR Headset\n\nNordvision\n\nVR Headset Product Design\n\nStride Apex\n\nStride Ath'}",True,open control at 390px; focus trapping not measured
