url,viewport,index,http_status,href,title,width,docWidth,docHeight,overflow,background,color,bodyFont,h1Count,h1,h1Size,h1Font,h1Weight,h2Size,images,canvas,video,forms,inputs,select,buttons,sticky,nav,controls
https://arpeggio.framer.website/,1440x900,0,200,https://arpeggio.framer.website/,Arpeggio Agency & Portfolio Template,1440,1440,21722,0,"rgb(255, 255, 255)","rgb(0, 0, 0)",sans-serif,1,"One subscription, unlimited design iterations. ",27.2194px,"""Inter Display"", ""Inter Display Placeholder"", sans-serif",500,28px,115,0,2,1,12,0,5,11,WA|X|IG|LI|EMAIL|Home|About|Work|Membership|Journal|Contact|Privacy Policy|Terms of  Service|Disclaimer|404,"Open menu|Previous|Next|Core Plan

Pro Plan|Your email|Submit Form"
https://arpeggio.framer.website/about,1440x900,1,200,https://arpeggio.framer.website/about,About — Arpeggio,1440,1440,13558,0,"rgb(255, 255, 255)","rgb(0, 0, 0)",sans-serif,1,About us,130px,"""Inter Display"", ""Inter Display Placeholder"", sans-serif",800,130px,50,0,0,1,12,0,2,12,WA|X|IG|LI|EMAIL|Home|About|Work|Membership|Journal|Contact|Privacy Policy|Terms of  Service|Disclaimer|404,Open menu|Your email|Submit Form
https://arpeggio.framer.website/contact,1440x900,2,200,https://arpeggio.framer.website/contact,Contact — Arpeggio,1440,1440,6617,0,"rgb(255, 255, 255)","rgb(0, 0, 0)",sans-serif,1,Contact,130px,"""Inter Display"", ""Inter Display Placeholder"", sans-serif",800,84px,50,0,0,2,25,2,3,7,WA|X|IG|LI|EMAIL|Home|About|Work|Membership|Journal|Contact|Privacy Policy|Terms of  Service|Disclaimer|404,"Open menu|Select service
Full Stack Website D|What is your budget?
Under € 10K
€ |Your name|Your email|submit"
https://arpeggio.framer.website/journal,1440x900,3,200,https://arpeggio.framer.website/journal,Journal — Arpeggio,1440,1440,5126,0,"rgb(255, 255, 255)","rgb(0, 0, 0)",sans-serif,1,Journal,130px,"""Inter Display"", ""Inter Display Placeholder"", sans-serif",800,84px,36,0,0,1,13,0,2,8,WA|X|IG|LI|EMAIL|Home|About|Work|Membership|Journal|Contact|Privacy Policy|Terms of  Service|Disclaimer|404,Open menu|Search Articles|Your email|Submit Form
https://arpeggio.framer.website/work,1440x900,4,200,https://arpeggio.framer.website/work,Work — Arpeggio,1440,1440,6928,0,"rgb(255, 255, 255)","rgb(0, 0, 0)",sans-serif,1,Selected Projects,56px,"""Inter Display"", ""Inter Display Placeholder"", sans-serif",600,84px,38,0,0,1,13,1,2,8,WA|X|IG|LI|EMAIL|Home|About|Work|Membership|Journal|Contact|Privacy Policy|Terms of  Service|Disclaimer|404,"Open menu|Search Projects|Categories
Branding
UI/UX
Motion De|Your email|Submit Form"
https://arpeggio.framer.website/work/boreal-vr-headset,1440x900,5,200,https://arpeggio.framer.website/work/boreal-vr-headset,Boreal VR Headset by Nordvision — Redefining virtual reality with Scandinavian simplicity,1440,1440,18813,0,"rgb(255, 255, 255)","rgb(0, 0, 0)",sans-serif,1,Redefining virtual reality with Scandinavian simplicity,84px,"""Inter Display"", ""Inter Display Placeholder"", sans-serif",600,84px,47,0,0,1,12,0,3,10,WA|X|IG|LI|EMAIL|Home|About|Work|Membership|Journal|Contact|Privacy Policy|Terms of  Service|Disclaimer|404,Open menu|load more projects|Your email|Submit Form
https://arpeggio.framer.website/work/stride-apex,1440x900,6,200,https://arpeggio.framer.website/work/stride-apex,Stride Apex by Stride Athletics — Beyond Performance. Beyond Limits.,1440,1440,18839,0,"rgb(255, 255, 255)","rgb(0, 0, 0)",sans-serif,1,Beyond Performance. Beyond Limits.,84px,"""Inter Display"", ""Inter Display Placeholder"", sans-serif",600,84px,47,0,0,1,12,0,3,10,WA|X|IG|LI|EMAIL|Home|About|Work|Membership|Journal|Contact|Privacy Policy|Terms of  Service|Disclaimer|404,Open menu|load more projects|Your email|Submit Form
https://arpeggio.framer.website/work/velocity-motors,1440x900,7,200,https://arpeggio.framer.website/work/velocity-motors,Velocity Motors by Velocity Motors Group — Transforming the digital journey into an automotive masterpiece,1440,1440,19332,0,"rgb(255, 255, 255)","rgb(0, 0, 0)",sans-serif,1,Transforming the digital journey into an automotive masterpiece,84px,"""Inter Display"", ""Inter Display Placeholder"", sans-serif",600,84px,47,0,2,1,12,0,3,10,WA|X|IG|LI|EMAIL|Home|About|Work|Membership|Journal|Contact|Privacy Policy|Terms of  Service|Disclaimer|404,Open menu|load more projects|Your email|Submit Form
https://arpeggio.framer.website/work/hoekstra-studio,1440x900,8,200,https://arpeggio.framer.website/work/hoekstra-studio,"Hoekstra Lens by Hoekstra Studio — Dutch craftsmanship, modern comfort",1440,1440,19511,0,"rgb(255, 255, 255)","rgb(0, 0, 0)",sans-serif,1,"Dutch craftsmanship, modern comfort",84px,"""Inter Display"", ""Inter Display Placeholder"", sans-serif",600,84px,47,0,0,1,12,0,3,10,WA|X|IG|LI|EMAIL|Home|About|Work|Membership|Journal|Contact|Privacy Policy|Terms of  Service|Disclaimer|404,Open menu|load more projects|Your email|Submit Form
https://arpeggio.framer.website/work/frost-tracker,1440x900,9,200,https://arpeggio.framer.website/work/frost-tracker,"Frost Tracker by Avalon Drift — Where every descent tells a story, and every peak becomes possible",1440,1440,19152,0,"rgb(255, 255, 255)","rgb(0, 0, 0)",sans-serif,1,"Where every descent tells a story, and every peak becomes possible",84px,"""Inter Display"", ""Inter Display Placeholder"", sans-serif",600,84px,47,0,0,1,12,0,3,10,WA|X|IG|LI|EMAIL|Home|About|Work|Membership|Journal|Contact|Privacy Policy|Terms of  Service|Disclaimer|404,Open menu|load more projects|Your email|Submit Form
https://arpeggio.framer.website/work/vespa-tours-florence,1440x900,10,200,https://arpeggio.framer.website/work/vespa-tours-florence,"Vespa Stories by Vespa Tours Milano — Where every street tells a story, and every ride becomes an adventure",1440,1440,18757,0,"rgb(255, 255, 255)","rgb(0, 0, 0)",sans-serif,1,"Where every street tells a story, and every ride becomes an adventure",84px,"""Inter Display"", ""Inter Display Placeholder"", sans-serif",600,84px,47,0,0,1,12,0,3,10,WA|X|IG|LI|EMAIL|Home|About|Work|Membership|Journal|Contact|Privacy Policy|Terms of  Service|Disclaimer|404,Open menu|load more projects|Your email|Submit Form
https://arpeggio.framer.website/work/mercate-diretto,1440x900,11,200,https://arpeggio.framer.website/work/mercate-diretto,"Mercato Diretto by Consorzio Produttori Locali — Connecting artisanal producers with restaurants, one ingredient at a time",1440,1440,19032,0,"rgb(255, 255, 255)","rgb(0, 0, 0)",sans-serif,1,"Connecting artisanal producers with restaurants, one ingredient at a time",84px,"""Inter Display"", ""Inter Display Placeholder"", sans-serif",600,84px,47,0,0,1,12,0,3,10,WA|X|IG|LI|EMAIL|Home|About|Work|Membership|Journal|Contact|Privacy Policy|Terms of  Service|Disclaimer|404,Open menu|load more projects|Your email|Submit Form
https://arpeggio.framer.website/journal/the-evolution-of-micro-interactions-in-2025,1440x900,12,200,https://arpeggio.framer.website/journal/the-evolution-of-micro-interactions-in-2025,The Evolution of Micro-Interactions by Flavio Montanari,1440,1440,8313,0,"rgb(255, 255, 255)","rgb(0, 0, 0)",sans-serif,1,The Evolution of Micro-Interactions,72px,"""Inter Display"", ""Inter Display Placeholder"", sans-serif",600,84px,40,0,0,1,12,0,2,9,WA|X|IG|LI|EMAIL|Home|About|Work|Membership|Journal|Contact|Privacy Policy|Terms of  Service|Disclaimer|404,Open menu|Your email|Submit Form
https://arpeggio.framer.website/journal/the-rise-of-subscription-based-design,1440x900,13,200,https://arpeggio.framer.website/journal/the-rise-of-subscription-based-design,The Rise of Subscription-Based Design by Felix Bergman,1440,1440,8374,0,"rgb(255, 255, 255)","rgb(0, 0, 0)",sans-serif,9,The Rise of Subscription-Based Design,72px,"""Inter Display"", ""Inter Display Placeholder"", sans-serif",600,84px,195,0,0,3,36,0,6,28,WA|X|IG|LI|EMAIL|Home|About|Work|Membership|Journal|Contact|Privacy Policy|Terms of  Service|Disclaimer|404|WA|X|IG|LI|EMAIL|Home|About|Work|Membership|Journal,Open menu|Your email|Submit Form|Open menu|Your email
https://arpeggio.framer.website/journal/the-new-wave-of-design-animation,1440x900,14,200,https://arpeggio.framer.website/journal/the-new-wave-of-design-animation,The New Wave of Design Animation by Valentina De Angelis,1440,1440,8304,0,"rgb(255, 255, 255)","rgb(0, 0, 0)",sans-serif,1,The New Wave of Design Animation,72px,"""Inter Display"", ""Inter Display Placeholder"", sans-serif",600,84px,41,0,0,1,12,0,2,9,WA|X|IG|LI|EMAIL|Home|About|Work|Membership|Journal|Contact|Privacy Policy|Terms of  Service|Disclaimer|404,Open menu|Your email|Submit Form
https://arpeggio.framer.website/journal/sustainable-design-digital-ecology-in-practice,1440x900,15,200,https://arpeggio.framer.website/journal/sustainable-design-digital-ecology-in-practice,Digital Ecology in Practice by Clara Söderberg,1440,1440,8284,0,"rgb(255, 255, 255)","rgb(0, 0, 0)",sans-serif,1,Digital Ecology in Practice,72px,"""Inter Display"", ""Inter Display Placeholder"", sans-serif",600,84px,41,0,0,1,12,0,2,9,WA|X|IG|LI|EMAIL|Home|About|Work|Membership|Journal|Contact|Privacy Policy|Terms of  Service|Disclaimer|404,Open menu|Your email|Submit Form
https://arpeggio.framer.website/journal/typography-trends-reshaping-digital-experiences,1440x900,16,200,https://arpeggio.framer.website/journal/typography-trends-reshaping-digital-experiences,Typography Trends by Tomasso Fiorelli,1440,1440,8242,0,"rgb(255, 255, 255)","rgb(0, 0, 0)",sans-serif,1,Typography Trends,72px,"""Inter Display"", ""Inter Display Placeholder"", sans-serif",600,84px,41,0,0,1,12,0,2,9,WA|X|IG|LI|EMAIL|Home|About|Work|Membership|Journal|Contact|Privacy Policy|Terms of  Service|Disclaimer|404,Open menu|Your email|Submit Form
https://arpeggio.framer.website/journal/ai-driven-design-beyond-the-basics,1440x900,17,200,https://arpeggio.framer.website/journal/ai-driven-design-beyond-the-basics,AI-Driven Design by Vito Lorenzo,1440,1440,8313,0,"rgb(255, 255, 255)","rgb(0, 0, 0)",sans-serif,1,AI-Driven Design,72px,"""Inter Display"", ""Inter Display Placeholder"", sans-serif",600,84px,41,0,0,1,12,0,2,9,WA|X|IG|LI|EMAIL|Home|About|Work|Membership|Journal|Contact|Privacy Policy|Terms of  Service|Disclaimer|404,Open menu|Your email|Submit Form
https://arpeggio.framer.website/journal/design-systems-the-bridge-between-creativity-and-consistency,1440x900,18,200,https://arpeggio.framer.website/journal/design-systems-the-bridge-between-creativity-and-consistency,Creativity and Consistency by Bianca Marconi,1440,1440,8431,0,"rgb(255, 255, 255)","rgb(0, 0, 0)",sans-serif,1,Creativity and Consistency,72px,"""Inter Display"", ""Inter Display Placeholder"", sans-serif",600,84px,40,0,0,1,12,0,2,8,WA|X|IG|LI|EMAIL|Home|About|Work|Membership|Journal|Contact|Privacy Policy|Terms of  Service|Disclaimer|404,Open menu|Your email|Submit Form
https://arpeggio.framer.website/legal/terms-of-service,1440x900,19,200,https://arpeggio.framer.website/legal/terms-of-service,Terms of Service — Arpeggio,1440,1440,4253,0,"rgb(255, 255, 255)","rgb(0, 0, 0)",sans-serif,1,Terms of Service,48px,"""Inter Display"", ""Inter Display Placeholder"", sans-serif",500,84px,32,0,0,1,12,0,2,8,WA|X|IG|LI|EMAIL|Home|About|Work|Membership|Journal|Contact|Privacy Policy|Terms of  Service|Disclaimer|404,Open menu|Your email|Submit Form
https://arpeggio.framer.website/legal/privacy-policy,1440x900,20,200,https://arpeggio.framer.website/legal/privacy-policy,Privacy Policy — Arpeggio,1440,1440,4900,0,"rgb(255, 255, 255)","rgb(0, 0, 0)",sans-serif,1,Privacy Policy,48px,"""Inter Display"", ""Inter Display Placeholder"", sans-serif",500,84px,33,0,0,1,12,0,2,8,WA|X|IG|LI|EMAIL|Home|About|Work|Membership|Journal|Contact|Privacy Policy|Terms of  Service|Disclaimer|404,Open menu|Your email|Submit Form
https://arpeggio.framer.website/legal/disclaimer,1440x900,21,200,https://arpeggio.framer.website/legal/disclaimer,Disclaimer — Arpeggio,1440,1440,4447,0,"rgb(255, 255, 255)","rgb(0, 0, 0)",sans-serif,3,Disclaimer,48px,"""Inter Display"", ""Inter Display Placeholder"", sans-serif",500,84px,105,0,0,3,36,0,6,22,WA|X|IG|LI|EMAIL|Home|About|Work|Membership|Journal|Contact|Privacy Policy|Terms of  Service|Disclaimer|404|WA|X|IG|LI|EMAIL|Home|About|Work|Membership|Journal,Open menu|Your email|Submit Form|Open menu|Your email
https://arpeggio.framer.website/404,1440x900,22,404,https://arpeggio.framer.website/404,Arpeggio Agency & Portfolio Template,1440,1440,2836,0,"rgb(255, 255, 255)","rgb(0, 0, 0)",sans-serif,9,404,84px,""".SFNSDisplay-Bold"", SFProDisplay-Bold, SFUIDisplay-Bold, "".SFUIDisplay-Bold"", ""SF Pro Display"", sans-serif",700,56px,99,0,0,3,36,0,6,16,WA|X|IG|LI|EMAIL|Home|About|Work|Membership|Journal|Contact|Privacy Policy|Terms of  Service|Disclaimer|404|WA|X|IG|LI|EMAIL|Home|About|Work|Membership|Journal,Open menu|Your email|Submit Form|Open menu|Your email
https://arpeggio.framer.website/,390x844,0,200,https://arpeggio.framer.website/,Arpeggio Agency & Portfolio Template,390,390,25809,0,"rgb(255, 255, 255)","rgb(0, 0, 0)",sans-serif,3,"One subscription,unlimited design iterations.",27.2194px,"""Inter Display"", ""Inter Display Placeholder"", sans-serif",500,24px,759,0,12,3,36,0,27,49,WA|X|IG|LI|EMAIL|Home|About|Work|Membership|Journal|Contact|Privacy Policy|Terms of  Service|Disclaimer|404|WA|X|IG|LI|EMAIL|Home|About|Work|Membership|Journal,Open menu|Previous|Next|Previous|Next|Core PlanPro Plan|Core PlanPro Plan|Core PlanPro Plan|Your email|Submit Form
https://arpeggio.framer.website/about,390x844,1,200,https://arpeggio.framer.website/about,About — Arpeggio,390,390,20946,0,"rgb(255, 255, 255)","rgb(0, 0, 0)",sans-serif,9,About us,48px,"""Inter Display"", ""Inter Display Placeholder"", sans-serif",800,48px,267,0,0,3,36,0,6,43,WA|X|IG|LI|EMAIL|Home|About|Work|Membership|Journal|Contact|Privacy Policy|Terms of  Service|Disclaimer|404|WA|X|IG|LI|EMAIL|Home|About|Work|Membership|Journal,Open menu|Your email|Submit Form|Open menu|Your email
https://arpeggio.framer.website/contact,390x844,2,200,https://arpeggio.framer.website/contact,Contact — Arpeggio,390,390,8654,0,"rgb(255, 255, 255)","rgb(0, 0, 0)",sans-serif,1,Contact,48px,"""Inter Display"", ""Inter Display Placeholder"", sans-serif",800,42px,43,0,0,2,25,2,3,7,,"Open menu|Select service
Full Stack Website D|What is your budget?
Under € 10K
€ |Your name|Your email|submit"
https://arpeggio.framer.website/journal,390x844,3,200,https://arpeggio.framer.website/journal,Journal — Arpeggio,390,390,6352,0,"rgb(255, 255, 255)","rgb(0, 0, 0)",sans-serif,1,Journal,48px,"""Inter Display"", ""Inter Display Placeholder"", sans-serif",800,42px,35,0,0,1,13,0,2,7,,Open menu|Search Articles|Your email|Submit Form
https://arpeggio.framer.website/work,390x844,4,200,https://arpeggio.framer.website/work,Work — Arpeggio,390,390,8300,0,"rgb(255, 255, 255)","rgb(0, 0, 0)",sans-serif,1,Selected Projects,48px,"""Inter Display"", ""Inter Display Placeholder"", sans-serif",600,42px,37,0,0,1,13,1,2,7,,"Open menu|Search Projects|Categories
Branding
UI/UX
Motion De|Your email|Submit Form"
https://arpeggio.framer.website/work/boreal-vr-headset,390x844,5,200,https://arpeggio.framer.website/work/boreal-vr-headset,Boreal VR Headset by Nordvision — Redefining virtual reality with Scandinavian simplicity,390,390,17666,0,"rgb(255, 255, 255)","rgb(0, 0, 0)",sans-serif,1,Redefining virtual reality with Scandinavian simplicity,42px,"""Inter Display"", ""Inter Display Placeholder"", sans-serif",600,42px,47,0,0,1,12,0,3,9,,Open menu|load more projects|Your email|Submit Form
https://arpeggio.framer.website/work/stride-apex,390x844,6,200,https://arpeggio.framer.website/work/stride-apex,Stride Apex by Stride Athletics — Beyond Performance. Beyond Limits.,390,390,17777,0,"rgb(255, 255, 255)","rgb(0, 0, 0)",sans-serif,9,Beyond Performance. Beyond Limits.,42px,"""Inter Display"", ""Inter Display Placeholder"", sans-serif",600,42px,249,0,0,3,36,0,15,37,WA|X|IG|LI|EMAIL|Home|About|Work|Membership|Journal|Contact|Privacy Policy|Terms of  Service|Disclaimer|404|WA|X|IG|LI|EMAIL|Home|About|Work|Membership|Journal,Open menu|load more projects|load more projects|load more projects|Your email|Submit Form
https://arpeggio.framer.website/work/velocity-motors,390x844,7,200,https://arpeggio.framer.website/work/velocity-motors,Velocity Motors by Velocity Motors Group — Transforming the digital journey into an automotive masterpiece,390,390,18280,0,"rgb(255, 255, 255)","rgb(0, 0, 0)",sans-serif,1,Transforming the digital journey into an automotive masterpiece,42px,"""Inter Display"", ""Inter Display Placeholder"", sans-serif",600,42px,48,0,2,1,12,0,3,9,,Open menu|load more projects|Your email|Submit Form
https://arpeggio.framer.website/work/hoekstra-studio,390x844,8,200,https://arpeggio.framer.website/work/hoekstra-studio,"Hoekstra Lens by Hoekstra Studio — Dutch craftsmanship, modern comfort",390,390,17774,0,"rgb(255, 255, 255)","rgb(0, 0, 0)",sans-serif,1,"Dutch craftsmanship, modern comfort",42px,"""Inter Display"", ""Inter Display Placeholder"", sans-serif",600,42px,48,0,0,1,12,0,3,9,,Open menu|load more projects|Your email|Submit Form
https://arpeggio.framer.website/work/frost-tracker,390x844,9,200,https://arpeggio.framer.website/work/frost-tracker,"Frost Tracker by Avalon Drift — Where every descent tells a story, and every peak becomes possible",390,390,18350,0,"rgb(255, 255, 255)","rgb(0, 0, 0)",sans-serif,1,"Where every descent tells a story, and every peak becomes possible",42px,"""Inter Display"", ""Inter Display Placeholder"", sans-serif",600,42px,48,0,0,1,12,0,3,9,,Open menu|load more projects|Your email|Submit Form
https://arpeggio.framer.website/work/vespa-tours-florence,390x844,10,200,https://arpeggio.framer.website/work/vespa-tours-florence,"Vespa Stories by Vespa Tours Milano — Where every street tells a story, and every ride becomes an adventure",390,390,17613,0,"rgb(255, 255, 255)","rgb(0, 0, 0)",sans-serif,1,"Where every street tells a story, and every ride becomes an adventure",42px,"""Inter Display"", ""Inter Display Placeholder"", sans-serif",600,42px,48,0,0,1,12,0,3,9,,Open menu|load more projects|Your email|Submit Form
https://arpeggio.framer.website/work/mercate-diretto,390x844,11,200,https://arpeggio.framer.website/work/mercate-diretto,"Mercato Diretto by Consorzio Produttori Locali — Connecting artisanal producers with restaurants, one ingredient at a time",390,390,17788,0,"rgb(255, 255, 255)","rgb(0, 0, 0)",sans-serif,1,"Connecting artisanal producers with restaurants, one ingredient at a time",42px,"""Inter Display"", ""Inter Display Placeholder"", sans-serif",600,42px,47,0,0,1,12,0,3,9,,Open menu|load more projects|Your email|Submit Form
https://arpeggio.framer.website/journal/the-evolution-of-micro-interactions-in-2025,390x844,12,200,https://arpeggio.framer.website/journal/the-evolution-of-micro-interactions-in-2025,The Evolution of Micro-Interactions by Flavio Montanari,390,390,9937,0,"rgb(255, 255, 255)","rgb(0, 0, 0)",sans-serif,1,The Evolution of Micro-Interactions,40px,"""Inter Display"", ""Inter Display Placeholder"", sans-serif",600,42px,39,0,0,1,12,0,2,8,,Open menu|Your email|Submit Form
https://arpeggio.framer.website/journal/the-rise-of-subscription-based-design,390x844,13,200,https://arpeggio.framer.website/journal/the-rise-of-subscription-based-design,The Rise of Subscription-Based Design by Felix Bergman,390,390,9893,0,"rgb(255, 255, 255)","rgb(0, 0, 0)",sans-serif,1,The Rise of Subscription-Based Design,40px,"""Inter Display"", ""Inter Display Placeholder"", sans-serif",600,42px,40,0,0,1,12,0,2,8,,Open menu|Your email|Submit Form
https://arpeggio.framer.website/journal/the-new-wave-of-design-animation,390x844,14,200,https://arpeggio.framer.website/journal/the-new-wave-of-design-animation,The New Wave of Design Animation by Valentina De Angelis,390,390,9879,0,"rgb(255, 255, 255)","rgb(0, 0, 0)",sans-serif,1,The New Wave of Design Animation,40px,"""Inter Display"", ""Inter Display Placeholder"", sans-serif",600,42px,40,0,0,1,12,0,2,8,,Open menu|Your email|Submit Form
https://arpeggio.framer.website/journal/sustainable-design-digital-ecology-in-practice,390x844,15,200,https://arpeggio.framer.website/journal/sustainable-design-digital-ecology-in-practice,Digital Ecology in Practice by Clara Söderberg,390,390,9969,0,"rgb(255, 255, 255)","rgb(0, 0, 0)",sans-serif,1,Digital Ecology in Practice,40px,"""Inter Display"", ""Inter Display Placeholder"", sans-serif",600,42px,40,0,0,1,12,0,2,8,,Open menu|Your email|Submit Form
https://arpeggio.framer.website/journal/typography-trends-reshaping-digital-experiences,390x844,16,200,https://arpeggio.framer.website/journal/typography-trends-reshaping-digital-experiences,Typography Trends by Tomasso Fiorelli,390,390,9785,0,"rgb(255, 255, 255)","rgb(0, 0, 0)",sans-serif,1,Typography Trends,40px,"""Inter Display"", ""Inter Display Placeholder"", sans-serif",600,42px,40,0,0,1,12,0,2,8,,Open menu|Your email|Submit Form
https://arpeggio.framer.website/journal/ai-driven-design-beyond-the-basics,390x844,17,200,https://arpeggio.framer.website/journal/ai-driven-design-beyond-the-basics,AI-Driven Design by Vito Lorenzo,390,390,9845,0,"rgb(255, 255, 255)","rgb(0, 0, 0)",sans-serif,9,AI-Driven Design,40px,"""Inter Display"", ""Inter Display Placeholder"", sans-serif",600,42px,195,0,0,3,36,0,6,28,WA|X|IG|LI|EMAIL|Home|About|Work|Membership|Journal|Contact|Privacy Policy|Terms of  Service|Disclaimer|404|WA|X|IG|LI|EMAIL|Home|About|Work|Membership|Journal,Open menu|Your email|Submit Form|Open menu|Your email
https://arpeggio.framer.website/journal/design-systems-the-bridge-between-creativity-and-consistency,390x844,18,200,https://arpeggio.framer.website/journal/design-systems-the-bridge-between-creativity-and-consistency,Creativity and Consistency by Bianca Marconi,390,390,10221,0,"rgb(255, 255, 255)","rgb(0, 0, 0)",sans-serif,1,Creativity and Consistency,40px,"""Inter Display"", ""Inter Display Placeholder"", sans-serif",600,42px,39,0,0,1,12,0,2,8,,Open menu|Your email|Submit Form
https://arpeggio.framer.website/legal/terms-of-service,390x844,19,200,https://arpeggio.framer.website/legal/terms-of-service,Terms of Service — Arpeggio,390,390,5574,0,"rgb(255, 255, 255)","rgb(0, 0, 0)",sans-serif,0,,,,,42px,31,0,0,1,12,0,2,8,,Open menu|Your email|Submit Form
https://arpeggio.framer.website/legal/privacy-policy,390x844,20,200,https://arpeggio.framer.website/legal/privacy-policy,Privacy Policy — Arpeggio,390,390,5779,0,"rgb(255, 255, 255)","rgb(0, 0, 0)",sans-serif,0,,,,,42px,32,0,0,1,12,0,2,8,,Open menu|Your email|Submit Form
https://arpeggio.framer.website/legal/disclaimer,390x844,21,200,https://arpeggio.framer.website/legal/disclaimer,Disclaimer — Arpeggio,390,390,5809,0,"rgb(255, 255, 255)","rgb(0, 0, 0)",sans-serif,0,,,,,42px,31,0,0,1,12,0,2,8,,Open menu|Your email|Submit Form
https://arpeggio.framer.website/404,390x844,22,404,https://arpeggio.framer.website/404,Arpeggio Agency & Portfolio Template,390,390,3631,0,"rgb(255, 255, 255)","rgb(0, 0, 0)",sans-serif,1,404,42px,""".SFNSDisplay-Bold"", SFProDisplay-Bold, SFUIDisplay-Bold, "".SFUIDisplay-Bold"", ""SF Pro Display"", sans-serif",700,48px,30,0,0,1,12,0,2,6,,Open menu|Your email|Submit Form
