family,url,http_status,title,canonical,server_h1_count,server_h1,bytes
home,https://battlez-template.framer.website/,200,Battlez - Gaming Framer Template,https://battlez-template.framer.website/,4,Explore new game releases now.; Explore new game releases now.; Explore new game releases now.; Explore new game releases now.,772199
core,https://battlez-template.framer.website/about-us,200,Battlez - Gaming Framer Template,https://battlez-template.framer.website/about-us,2,"Passion, innovation, and gaming.; Passion, innovation, and gaming.",784056
core,https://battlez-template.framer.website/team,200,Battlez - Gaming Framer Template,https://battlez-template.framer.website/team,2,Gaming community!; Gaming community!,644315
core,https://battlez-template.framer.website/pricing,200,Battlez - Gaming Framer Template,https://battlez-template.framer.website/pricing,2,Simple flexible monthly plans.; Simple flexible monthly plans.,392109
core,https://battlez-template.framer.website/faq,200,Battlez - Gaming Framer Template,https://battlez-template.framer.website/faq,2,FAQ; FAQ,245244
core,https://battlez-template.framer.website/contact-us,200,Battlez - Gaming Framer Template,https://battlez-template.framer.website/contact-us,2,Contact us.; Contact us.,399098
news-index,https://battlez-template.framer.website/news,200,Battlez - Gaming Framer Template,https://battlez-template.framer.website/news,2,Latest gaming news.; Latest gaming news.,614667
core,https://battlez-template.framer.website/404,404,Battlez - Gaming Framer Template,https://battlez-template.framer.website/404,0,,228528
store-index,https://battlez-template.framer.website/store,200,Battlez - Gaming Framer Template,https://battlez-template.framer.website/store,2,Explore our extensive game library.; Explore our extensive game library.,744579
store-detail,https://battlez-template.framer.website/store/baby-s-piano-toy,200,Battlez - Gaming Framer Template,https://battlez-template.framer.website/store/baby-s-piano-toy,6,Babyâs Piano Toy; Babyâs Piano Toy; Babyâs Piano Toy; Babyâs Piano Toy; Babyâs Piano Toy; Babyâs Piano Toy,478022
store-detail,https://battlez-template.framer.website/store/dinosaur-raincoat,200,Battlez - Gaming Framer Template,https://battlez-template.framer.website/store/dinosaur-raincoat,6,Dinosaur Raincoat; Dinosaur Raincoat; Dinosaur Raincoat; Dinosaur Raincoat; Dinosaur Raincoat; Dinosaur Raincoat,473776
store-detail,https://battlez-template.framer.website/store/dinosaur-raincoat-boots,200,Battlez - Gaming Framer Template,https://battlez-template.framer.website/store/dinosaur-raincoat-boots,6,Dinosaur Raincoat Boots; Dinosaur Raincoat Boots; Dinosaur Raincoat Boots; Dinosaur Raincoat Boots; Dinosaur Raincoat Boots; Dinosaur Raincoat Boots,476303
store-detail,https://battlez-template.framer.website/store/colorful-creature-backpack,200,Battlez - Gaming Framer Template,https://battlez-template.framer.website/store/colorful-creature-backpack,6,Colorful Creature Backpack; Colorful Creature Backpack; Colorful Creature Backpack; Colorful Creature Backpack; Colorful Creature Backpack; Colorful Creature Backpack,478181
store-detail,https://battlez-template.framer.website/store/soft-blue-octopus-plush-toy,200,Battlez - Gaming Framer Template,https://battlez-template.framer.website/store/soft-blue-octopus-plush-toy,6,Soft Blue Octopus Plush Toy; Soft Blue Octopus Plush Toy; Soft Blue Octopus Plush Toy; Soft Blue Octopus Plush Toy; Soft Blue Octopus Plush Toy; Soft Blue Octopus Plush Toy,476402
store-detail,https://battlez-template.framer.website/store/style-ceramic-tea-accessories,200,Battlez - Gaming Framer Template,https://battlez-template.framer.website/store/style-ceramic-tea-accessories,6,Ceramic Tea Accessories; Ceramic Tea Accessories; Ceramic Tea Accessories; Ceramic Tea Accessories; Ceramic Tea Accessories; Ceramic Tea Accessories,476528
store-detail,https://battlez-template.framer.website/store/cute-plush-toys-arrangement,200,Battlez - Gaming Framer Template,https://battlez-template.framer.website/store/cute-plush-toys-arrangement,6,Cute Toys Arrangement; Cute Toys Arrangement; Cute Toys Arrangement; Cute Toys Arrangement; Cute Toys Arrangement; Cute Toys Arrangement,477136
store-detail,https://battlez-template.framer.website/store/adorable-plush-toy-arrangements,200,Battlez - Gaming Framer Template,https://battlez-template.framer.website/store/adorable-plush-toy-arrangements,6,Adorable Plush Toy; Adorable Plush Toy; Adorable Plush Toy; Adorable Plush Toy; Adorable Plush Toy; Adorable Plush Toy,478081
store-detail,https://battlez-template.framer.website/store/gift-card,200,Battlez - Gaming Framer Template,https://battlez-template.framer.website/store/gift-card,6,Gift Card; Gift Card; Gift Card; Gift Card; Gift Card; Gift Card,473820
store-detail,https://battlez-template.framer.website/store/gift-card-1,200,Battlez - Gaming Framer Template,https://battlez-template.framer.website/store/gift-card-1,6,Gift Card; Gift Card; Gift Card; Gift Card; Gift Card; Gift Card,474746
store-detail,https://battlez-template.framer.website/store/gift-card-2,200,Battlez - Gaming Framer Template,https://battlez-template.framer.website/store/gift-card-2,6,Gift Card; Gift Card; Gift Card; Gift Card; Gift Card; Gift Card,474705
store-detail,https://battlez-template.framer.website/store/gift-card-3,200,Battlez - Gaming Framer Template,https://battlez-template.framer.website/store/gift-card-3,6,Gift Card; Gift Card; Gift Card; Gift Card; Gift Card; Gift Card,475529
store-detail,https://battlez-template.framer.website/store/kawaii-style-ceramic-tea,200,Battlez - Gaming Framer Template,https://battlez-template.framer.website/store/kawaii-style-ceramic-tea,6,Kawaii Style Ceramic Tea; Kawaii Style Ceramic Tea; Kawaii Style Ceramic Tea; Kawaii Style Ceramic Tea; Kawaii Style Ceramic Tea; Kawaii Style Ceramic Tea,478081
store-detail,https://battlez-template.framer.website/store/wooden-toy-train-set,200,Battlez - Gaming Framer Template,https://battlez-template.framer.website/store/wooden-toy-train-set,6,Wooden Toy Train Set; Wooden Toy Train Set; Wooden Toy Train Set; Wooden Toy Train Set; Wooden Toy Train Set; Wooden Toy Train Set,475302
store-detail,https://battlez-template.framer.website/store/sapphire-gloss-14-ml,200,Battlez - Gaming Framer Template,https://battlez-template.framer.website/store/sapphire-gloss-14-ml,6,Sapphire Gloss 14 ml; Sapphire Gloss 14 ml; Sapphire Gloss 14 ml; Sapphire Gloss 14 ml; Sapphire Gloss 14 ml; Sapphire Gloss 14 ml,476087
store-detail,https://battlez-template.framer.website/store/acid-free-primer-13-ml,200,Battlez - Gaming Framer Template,https://battlez-template.framer.website/store/acid-free-primer-13-ml,6,Acid Free Primer 13 ml; Acid Free Primer 13 ml; Acid Free Primer 13 ml; Acid Free Primer 13 ml; Acid Free Primer 13 ml; Acid Free Primer 13 ml,476021
store-detail,https://battlez-template.framer.website/store/cosmetic-arrangement,200,Battlez - Gaming Framer Template,https://battlez-template.framer.website/store/cosmetic-arrangement,6,Cosmetic Arrangement; Cosmetic Arrangement; Cosmetic Arrangement; Cosmetic Arrangement; Cosmetic Arrangement; Cosmetic Arrangement,474364
store-detail,https://battlez-template.framer.website/store/natural-care-collection,200,Battlez - Gaming Framer Template,https://battlez-template.framer.website/store/natural-care-collection,6,Natural Care Collection; Natural Care Collection; Natural Care Collection; Natural Care Collection; Natural Care Collection; Natural Care Collection,477972
store-detail,https://battlez-template.framer.website/store/skincare-arrangement,200,Battlez - Gaming Framer Template,https://battlez-template.framer.website/store/skincare-arrangement,6,Skincare Arrangement; Skincare Arrangement; Skincare Arrangement; Skincare Arrangement; Skincare Arrangement; Skincare Arrangement,477062
store-detail,https://battlez-template.framer.website/store/violet-gel-polish-50-ml,200,Battlez - Gaming Framer Template,https://battlez-template.framer.website/store/violet-gel-polish-50-ml,6,Violet Gel Polish 50 ml; Violet Gel Polish 50 ml; Violet Gel Polish 50 ml; Violet Gel Polish 50 ml; Violet Gel Polish 50 ml; Violet Gel Polish 50 ml,477098
store-detail,https://battlez-template.framer.website/store/glossy-touch-polish,200,Battlez - Gaming Framer Template,https://battlez-template.framer.website/store/glossy-touch-polish,6,Glossy Touch Polish; Glossy Touch Polish; Glossy Touch Polish; Glossy Touch Polish; Glossy Touch Polish; Glossy Touch Polish,477734
store-detail,https://battlez-template.framer.website/store/matte-magic-polish-set,200,Battlez - Gaming Framer Template,https://battlez-template.framer.website/store/matte-magic-polish-set,6,Matte Magic Polish Set; Matte Magic Polish Set; Matte Magic Polish Set; Matte Magic Polish Set; Matte Magic Polish Set; Matte Magic Polish Set,476138
store-detail,https://battlez-template.framer.website/store/quick-dry-polish-duo,200,Battlez - Gaming Framer Template,https://battlez-template.framer.website/store/quick-dry-polish-duo,6,Quick-Dry Polish Duo; Quick-Dry Polish Duo; Quick-Dry Polish Duo; Quick-Dry Polish Duo; Quick-Dry Polish Duo; Quick-Dry Polish Duo,476263
store-detail,https://battlez-template.framer.website/store/acryl-starter-kit,200,Battlez - Gaming Framer Template,https://battlez-template.framer.website/store/acryl-starter-kit,6,Acryl Starter Kit; Acryl Starter Kit; Acryl Starter Kit; Acryl Starter Kit; Acryl Starter Kit; Acryl Starter Kit,476832
store-detail,https://battlez-template.framer.website/store/pro-acrylic-powder-set,200,Battlez - Gaming Framer Template,https://battlez-template.framer.website/store/pro-acrylic-powder-set,6,Pro Acrylic Powder Set; Pro Acrylic Powder Set; Pro Acrylic Powder Set; Pro Acrylic Powder Set; Pro Acrylic Powder Set; Pro Acrylic Powder Set,475832
store-detail,https://battlez-template.framer.website/store/acryl-shine-top-coat,200,Battlez - Gaming Framer Template,https://battlez-template.framer.website/store/acryl-shine-top-coat,6,Acryl Shine Top Coat; Acryl Shine Top Coat; Acryl Shine Top Coat; Acryl Shine Top Coat; Acryl Shine Top Coat; Acryl Shine Top Coat,476514
store-detail,https://battlez-template.framer.website/store/aeromax-x1,200,Battlez - Gaming Framer Template,https://battlez-template.framer.website/store/aeromax-x1,6,AeroMax X1; AeroMax X1; AeroMax X1; AeroMax X1; AeroMax X1; AeroMax X1,505682
store-detail,https://battlez-template.framer.website/store/nimbus-pro,200,Battlez - Gaming Framer Template,https://battlez-template.framer.website/store/nimbus-pro,6,Nimbus Pro; Nimbus Pro; Nimbus Pro; Nimbus Pro; Nimbus Pro; Nimbus Pro,507144
store-detail,https://battlez-template.framer.website/store/vertex-400,200,Battlez - Gaming Framer Template,https://battlez-template.framer.website/store/vertex-400,6,Vertex 400; Vertex 400; Vertex 400; Vertex 400; Vertex 400; Vertex 400,503620
store-detail,https://battlez-template.framer.website/store/spectra-3r,200,Battlez - Gaming Framer Template,https://battlez-template.framer.website/store/spectra-3r,6,Spectra 3R; Spectra 3R; Spectra 3R; Spectra 3R; Spectra 3R; Spectra 3R,504294
store-detail,https://battlez-template.framer.website/store/zenith-air,200,Battlez - Gaming Framer Template,https://battlez-template.framer.website/store/zenith-air,6,Zenith Air; Zenith Air; Zenith Air; Zenith Air; Zenith Air; Zenith Air,503820
store-detail,https://battlez-template.framer.website/store/modern-grace,200,Battlez - Gaming Framer Template,https://battlez-template.framer.website/store/modern-grace,6,Modern Grace; Modern Grace; Modern Grace; Modern Grace; Modern Grace; Modern Grace,478626
store-detail,https://battlez-template.framer.website/store/coastal-serenity,200,Battlez - Gaming Framer Template,https://battlez-template.framer.website/store/coastal-serenity,6,Coastal Serenity; Coastal Serenity; Coastal Serenity; Coastal Serenity; Coastal Serenity; Coastal Serenity,477847
store-detail,https://battlez-template.framer.website/store/minimal-art,200,Battlez - Gaming Framer Template,https://battlez-template.framer.website/store/minimal-art,6,Minimal Art; Minimal Art; Minimal Art; Minimal Art; Minimal Art; Minimal Art,477797
store-detail,https://battlez-template.framer.website/store/comfy-chairs,200,Battlez - Gaming Framer Template,https://battlez-template.framer.website/store/comfy-chairs,6,Comfy Chairs; Comfy Chairs; Comfy Chairs; Comfy Chairs; Comfy Chairs; Comfy Chairs,480542
store-detail,https://battlez-template.framer.website/store/virtual-visionary,200,Battlez - Gaming Framer Template,https://battlez-template.framer.website/store/virtual-visionary,6,Virtual Visionary; Virtual Visionary; Virtual Visionary; Virtual Visionary; Virtual Visionary; Virtual Visionary,478488
store-detail,https://battlez-template.framer.website/store/urban-edge,200,Battlez - Gaming Framer Template,https://battlez-template.framer.website/store/urban-edge,6,Urban Edge; Urban Edge; Urban Edge; Urban Edge; Urban Edge; Urban Edge,481265
store-detail,https://battlez-template.framer.website/store/wooden-jewelry-boxes,200,Battlez - Gaming Framer Template,https://battlez-template.framer.website/store/wooden-jewelry-boxes,6,Wooden Jewelry Boxes; Wooden Jewelry Boxes; Wooden Jewelry Boxes; Wooden Jewelry Boxes; Wooden Jewelry Boxes; Wooden Jewelry Boxes,473763
store-detail,https://battlez-template.framer.website/store/wall-clocks,200,Battlez - Gaming Framer Template,https://battlez-template.framer.website/store/wall-clocks,6,Wall Clocks; Wall Clocks; Wall Clocks; Wall Clocks; Wall Clocks; Wall Clocks,473692
store-detail,https://battlez-template.framer.website/store/serving-trays,200,Battlez - Gaming Framer Template,https://battlez-template.framer.website/store/serving-trays,6,Serving Trays; Serving Trays; Serving Trays; Serving Trays; Serving Trays; Serving Trays,473665
store-detail,https://battlez-template.framer.website/store/floating-shelves,200,Battlez - Gaming Framer Template,https://battlez-template.framer.website/store/floating-shelves,6,Floating Shelves; Floating Shelves; Floating Shelves; Floating Shelves; Floating Shelves; Floating Shelves,475749
store-detail,https://battlez-template.framer.website/store/cutting-boards,200,Battlez - Gaming Framer Template,https://battlez-template.framer.website/store/cutting-boards,6,Cutting Boards; Cutting Boards; Cutting Boards; Cutting Boards; Cutting Boards; Cutting Boards,475804
store-detail,https://battlez-template.framer.website/store/child-s-rocking-chair,200,Battlez - Gaming Framer Template,https://battlez-template.framer.website/store/child-s-rocking-chair,6,Childâs Rocking Chair; Childâs Rocking Chair; Childâs Rocking Chair; Childâs Rocking Chair; Childâs Rocking Chair; Childâs Rocking Chair,473778
store-detail,https://battlez-template.framer.website/store/mystic-mayhem-game,200,Battlez - Gaming Framer Template,https://battlez-template.framer.website/store/mystic-mayhem-game,6,Mystic Mayhem Game; Mystic Mayhem Game; Mystic Mayhem Game; Mystic Mayhem Game; Mystic Mayhem Game; Mystic Mayhem Game,506555
store-detail,https://battlez-template.framer.website/store/shadowrealm-chronicles,200,Battlez - Gaming Framer Template,https://battlez-template.framer.website/store/shadowrealm-chronicles,6,Shadowrealm Saga; Shadowrealm Saga; Shadowrealm Saga; Shadowrealm Saga; Shadowrealm Saga; Shadowrealm Saga,507159
store-detail,https://battlez-template.framer.website/store/galactic-conquest,200,Battlez - Gaming Framer Template,https://battlez-template.framer.website/store/galactic-conquest,6,Galactic Conquest; Galactic Conquest; Galactic Conquest; Galactic Conquest; Galactic Conquest; Galactic Conquest,508271
store-detail,https://battlez-template.framer.website/store/realm-of-arcane-adventures,200,Battlez - Gaming Framer Template,https://battlez-template.framer.website/store/realm-of-arcane-adventures,6,Arcane Realm; Arcane Realm; Arcane Realm; Arcane Realm; Arcane Realm; Arcane Realm,513429
store-detail,https://battlez-template.framer.website/store/cybernetic-clash,200,Battlez - Gaming Framer Template,https://battlez-template.framer.website/store/cybernetic-clash,6,Cybernetic Clash; Cybernetic Clash; Cybernetic Clash; Cybernetic Clash; Cybernetic Clash; Cybernetic Clash,510000
store-detail,https://battlez-template.framer.website/store/nebula-quest-origins,200,Battlez - Gaming Framer Template,https://battlez-template.framer.website/store/nebula-quest-origins,6,Nebula Quest: Origins; Nebula Quest: Origins; Nebula Quest: Origins; Nebula Quest: Origins; Nebula Quest: Origins; Nebula Quest: Origins,509746
store-detail,https://battlez-template.framer.website/store/sports-shorts,200,Battlez - Gaming Framer Template,https://battlez-template.framer.website/store/sports-shorts,6,Activewear Shorts; Activewear Shorts; Activewear Shorts; Activewear Shorts; Activewear Shorts; Activewear Shorts,473779
store-detail,https://battlez-template.framer.website/store/protective-knee-pads,200,Battlez - Gaming Framer Template,https://battlez-template.framer.website/store/protective-knee-pads,6,Sports Water Bottle; Sports Water Bottle; Sports Water Bottle; Sports Water Bottle; Sports Water Bottle; Sports Water Bottle,478019
store-detail,https://battlez-template.framer.website/store/basketball-sneakers,200,Battlez - Gaming Framer Template,https://battlez-template.framer.website/store/basketball-sneakers,6,Basketball Sneakers; Basketball Sneakers; Basketball Sneakers; Basketball Sneakers; Basketball Sneakers; Basketball Sneakers,475896
store-detail,https://battlez-template.framer.website/store/leather-basketball,200,Battlez - Gaming Framer Template,https://battlez-template.framer.website/store/leather-basketball,6,Leather Basketball; Leather Basketball; Leather Basketball; Leather Basketball; Leather Basketball; Leather Basketball,473091
game-category-detail,https://battlez-template.framer.website/game-category/sale,200,Battlez - Gaming Framer Template,https://battlez-template.framer.website/game-category/sale,2,Sale; Sale,309840
game-category-detail,https://battlez-template.framer.website/game-category/software,200,Battlez - Gaming Framer Template,https://battlez-template.framer.website/game-category/software,2,Software; Software,364857
game-category-detail,https://battlez-template.framer.website/game-category/racing,200,Battlez - Gaming Framer Template,https://battlez-template.framer.website/game-category/racing,2,Racing; Racing,333756
game-category-detail,https://battlez-template.framer.website/game-category/new,200,Battlez - Gaming Framer Template,https://battlez-template.framer.website/game-category/new,2,New; New,336480
news-detail,https://battlez-template.framer.website/news/10-must-play-games-of-the-year-our-top-picks,200,Battlez - Gaming Framer Template,https://battlez-template.framer.website/news/10-must-play-games-of-the-year-our-top-picks,2,10 Must-play games of the year: Our top picks; 10 Must-play games of the year: Our top picks,436669
news-detail,https://battlez-template.framer.website/news/behind-the-scenes-how-a-hit-game-is-created,200,Battlez - Gaming Framer Template,https://battlez-template.framer.website/news/behind-the-scenes-how-a-hit-game-is-created,2,Behind the scenes: How a hit game is created; Behind the scenes: How a hit game is created,438748
news-detail,https://battlez-template.framer.website/news/level-up-our-top-tips-for-mastering-multiplayer,200,Battlez - Gaming Framer Template,https://battlez-template.framer.website/news/level-up-our-top-tips-for-mastering-multiplayer,2,Level up: Our top tips for mastering multiplayer; Level up: Our top tips for mastering multiplayer,437071
news-detail,https://battlez-template.framer.website/news/master-gaming-pro-tips-to-elevate-your-play,200,Battlez - Gaming Framer Template,https://battlez-template.framer.website/news/master-gaming-pro-tips-to-elevate-your-play,2,Master gaming: Pro tips to elevate your play; Master gaming: Pro tips to elevate your play,439238
news-detail,https://battlez-template.framer.website/news/the-evolution-of-gaming-through-the-decades,200,Battlez - Gaming Framer Template,https://battlez-template.framer.website/news/the-evolution-of-gaming-through-the-decades,2,The evolution of gaming through the decades; The evolution of gaming through the decades,440846
news-detail,https://battlez-template.framer.website/news/unveiling-mysteries-a-truly-complete-review,200,Battlez - Gaming Framer Template,https://battlez-template.framer.website/news/unveiling-mysteries-a-truly-complete-review,2,Unveiling mysteries: A complete review; Unveiling mysteries: A complete review,436461
news-category-detail,https://battlez-template.framer.website/news-category/guide,200,Battlez - Gaming Framer Template,https://battlez-template.framer.website/news-category/guide,4,Guide; Guide; Guide; Guide,307776
news-category-detail,https://battlez-template.framer.website/news-category/suggested,200,Battlez - Gaming Framer Template,https://battlez-template.framer.website/news-category/suggested,4,Suggested; Suggested; Suggested; Suggested,307778
news-category-detail,https://battlez-template.framer.website/news-category/news,200,Battlez - Gaming Framer Template,https://battlez-template.framer.website/news-category/news,4,News; News; News; News,307840
