site_id,mode,background,foreground,surface,muted,border,accent,secondary_accent,semantic_strategy,contrast_strategy,transfer_rule,evidence
"refokus","light","#FFFFFF","#0F1215","#FFFFFF/#323237","#727A83","subtle neutral","#7542FF","none required","brand accent is sparse; dark media stages carry contrast","near-black on white; white over controlled dark/media surfaces","transfer single-accent restraint and light/dark stage contrast, not exact purple","live-computed"
"resend","dark","#000000","#F0F0F0","#0B0E14 + translucent technical panels","#A0A0A0/#6C6C6C","#464A4D family","spectral product accents incl #22FF99","blue/purple/orange/red status accents","color belongs to code/product status, not decorative gradients","high-contrast white/grey hierarchy on black","use near-black precision and semantic accents; do not copy the exact spectrum","live-computed"
"rockstar-vi","dark","#0C0D1B","#FFFFFF","#070810/#2F2E50","#CCC2F5","mostly image/chapter boundaries","#FFB2C6","#FFF9CB/#D9F3FE","palette follows campaign world/key art chapters","bright type over dark art-directed scenes with asset-specific treatment","author chapter palette from original art; never reuse GTA campaign colors as a generic game palette","live-computed"
"tokenmeter","light","#FBFAF7","#0B0B0C","#FFFFFF","#6B6B66","dark/neutral table rules","#E8590C","#1F7A3D","orange for action/attention; green for positive data state; most UI stays neutral","ink-on-warm-paper with explicit state colors","keep evidence surfaces neutral and reserve accent for meaning; exact colors are reference only","live-computed"
"novaos","light","#F7F7F7/#FFFFFF","#161816","#FFFFFF/#E4E7E2","#757677","light neutral","#0082DE","#22C55E","blue identifies platform action; green signals successful/active operational state","dark text on light surfaces with colored states isolated","use calm neutral base plus one platform and one state accent","live-computed"
"powder","dark","#000000","#FFF3F0","rgba(15,15,15,.85)/rgba(255,255,255,.10)","rgba(255,255,255,.65)","translucent white","warm off-white/white","contextual product imagery","depth comes from translucency and value contrast more than hue","warm light copy over black with layered translucent surfaces","transfer value hierarchy and translucent depth only when contrast remains measurable","live-computed"
"nudge-folio","light","#FFFFFF","#111212","#AAABAB + white/black blocks","#767777","graphic block boundaries","#E01E5A","#36C5F0/#ECB22E/#2FBC81","saturated blocks behave as editorial identity accents, not status colors","black/white text anchored against each saturated field","use a bounded expressive accent family tied to sections/projects; do not copy the Slack-like set blindly","live-computed"
"orbai","light","#F5F5F5","#000000","#F5F5F5/#000000 inverse","rgba(0,0,0,.55)","subtle neutral","black/white inversion","media-led","commercial clarity relies on monochrome hierarchy more than brand hue","black on light grey; white on black inverse sections","use monochrome service shell with media/CTA accents derived from the new brand","live-computed"
"nexira","dark","#222222","#FFFFFF","#2E2E2E/#1D1D1D","#AEAEAE","dark neutral","#ADFF00","none required","lime marks action/HUD emphasis against charcoal","white/lime on dark with restrained metadata grey","one high-energy accent can carry game/studio identity; choose a brand-specific hue","live-computed"
"ten-billion-years","dark","#04050B","#F4F6FF","rgba(4,5,11,.5)","rgba(244,246,255,.36)","rgba(244,246,255,.14)","#8FA6E8","chapter-driven renderer palette","DOM UI stays nearly monochrome while renderer carries evolving narrative color","bright editorial text/HUD over near-black world with translucent separators","separate semantic UI palette from world/render palette; preserve readable HUD contrast","live-computed"
"voxai","dark","#030014","#FFFFFF","rgba(255,255,255,.06)","rgba(255,255,255,.70)","rgba(255,255,255,.18)","#0055FF","#017501","blue/green accents belong to operational/integration states over a violet-black shell","white hierarchy on near-black with translucent panels","derive accent colors from product state/integration semantics, not generic AI gradients","live-computed"
"tobi-mallory","light","#FFF6E8","#1E1838","#FFFDF8/#FFFFFF","#5A5470","plum/neutral","#FF6B57","#3FD3A0/#9B7BFF/#FFB15C/#5BB8FF/#FFE15A","six accent families are stable taxonomy tokens controlling type/badge/creature/map identity","dark plum text on warm cream; category colors supplement text labels","transfer category-token grammar, never the exact six-color palette","live-computed"
indiex,dark,#0B121D,#E0E0E0,#1B222E,#AEAEAE,dark/light restrained separators,#94CB53,white / art-led color,one high-energy action/HUD accent over a disciplined navy shell; raised dark surfaces separate media and trust chapters,light text and acid action states against deep navy; muted gray for secondary evidence,"transfer single-accent discipline and navy depth hierarchy, not the exact acid-green/navy pairing",live-computed
