site_id,component_id,name,category,job,anatomy,interaction,responsive_strategy,accessibility,avoid,evidence
refokus,refokus-fixed-brand-nav,Fixed Brand Navigation,navigation,keep agency navigation available without competing with hero,compact fixed bar + overlay menu + primary contact action,menu opens as full overlay; page remains editorial underneath,collapse labels and retain one clear project/contact path,trap focus in overlay; visible close; preserve contrast over media,oversized nav chrome over every section,high
refokus,refokus-signature-stage-component,Signature Media Stage,hero/media,create one memorable spatial brand moment,bounded canvas/video/media layer + editorial copy + explicit exit,scroll/pointer motion only inside stage,swap complexity for one still/brand cue on narrow devices,reduced-motion/static fallback; media must not carry sole meaning,making every section a renderer,high
refokus,refokus-editorial-case-card,Editorial Case Teaser,card/proof,route from brand promise into named work,large media + project identity + concise context/action,media reveal/hover supports but does not hide action,stack into readable case sequence,link has explicit project name; hover not required,uniform generic portfolio cards,high
resend,resend-code-proof-panel,Code Proof Panel,proof/code,demonstrate API ergonomics before adjectives,truthful syntax + language context + copy/run affordance + adjacent claim,syntax/readout may animate but remains readable,replace wide code with narrower truthful sample or horizontal contained region,keyboard-selectable/copyable where interactive; contrast for syntax tokens,decorative fake code,high
resend,resend-modular-product-panel,Modular Product Proof Panel,proof/product,match each feature to the proof format it deserves,section claim + UI/code/event artifact + short explanatory copy,bounded demo state changes,use feature-specific mobile substitute rather than tiny screenshot,controls named; states announced when dynamic,same dashboard mockup repeated for all features,high
resend,resend-sticky-technical-header,Sticky Technical Header,navigation,preserve product/pricing/auth orientation,thin sticky header + pricing/login/get-started actions,minimal transition on scroll,collapse nonessential links; keep auth/CTA,focus visible against black; avoid obscuring anchors,overloaded mega-navigation,high
rockstar-vi,rockstar-world-chapter,Cinematic World Chapter,hero/media,advance the campaign world one authored beat at a time,full-bleed key art/media + sparse title/copy + chapter-specific palette,scroll/media transition between authored states,swap crop/asset by aspect ratio and reduce layer count,meaningful text remains DOM; reduced-motion still state,repeated generic feature sections,high
rockstar-vi,rockstar-trailer-gate,User-Invoked Trailer Gate,media/proof,let expensive video act as deliberate proof,poster/key art + obvious play action + player overlay,load/play on user intent,use responsive poster and bandwidth-aware playback,play/pause/mute/escape; focus returns after close,long autoplay as sole product proof,high
rockstar-vi,rockstar-fixed-hud-nav,Fixed Campaign HUD,navigation,provide persistent franchise/site controls without breaking cinematic flow,minimal fixed controls + home/social/legal escape paths,overlay remains stable across chapters,reduce to compact icon/brand controls,skip link; labelled controls; strong focus over changing art,large conventional nav bar over key art,high
tokenmeter,token-sticky-comparison-table,Sticky Comparison Table,data/table,support dense multi-provider evaluation,sticky header + aligned numeric columns + identifiers + methodology cues,sort/filter if present without moving page context,own horizontal overflow inside table or switch to record view,headers/scopes; keyboard access; non-color state labels,shrinking columns until data is unreadable,high
tokenmeter,token-confidence-cell,Confidence/Evidence Cell,data/proof,attach uncertainty/provenance to values,value + freshness/confidence/source cue,tooltip/popover optional but cue remains visible,keep short cue beside value; deeper method can open separately,not color-only; tooltip keyboard/touch accessible,hiding methodology in footer,high
tokenmeter,token-methodology-bridge,Methodology Bridge,navigation/proof,move users from a number to how it was measured,inline methodology link + concise caveat near comparison/detail,normal link behavior,keep adjacent to the decision point,descriptive link text and visited/focus states,separate methodology island with no local links,high
novaos,nova-operational-proof-panel,Operational Pipeline Panel,proof/product,show model/context/action causality,stage labels + business context + agent/tool + observable output,bounded transitions between pipeline stages,stack stages vertically and crop UI at readable scale,sequence must remain understandable without motion,abstract AI orb with no operational evidence,high
novaos,nova-integration-card,Integration/Workflow Card,card/product,show how platform connects into existing work,integration identity + job + state/output + action,hover can reveal supporting metadata,stack cards and keep identity/job visible,logos have text labels; not logo-only meaning,logo wall without job description,high
novaos,nova-plan-card,Enterprise Plan Card,pricing,make package boundaries predictable,plan name + fit + limits/outcomes + CTA,simple hover/focus feedback,single-column comparison with preserved distinctions,semantic list/table for comparable features,visual-only plan differentiation,medium
powder,powder-sticky-capability-stage,Sticky Capability Stage,proof/layout,hold one proof surface while capability narrative changes,sticky media/artifact panel + scrolling chapter copy,one sticky owner updates bounded states,release sticky to normal flow on narrow screens,content order remains logical without stickiness,multiple sticky elements competing,high
powder,powder-chat-action-card,Chat-to-Action Artifact,proof/product,prove the agent changes operational state,prompt/context + answer/source + generated artifact/action + resulting state,stepwise state transition may animate,stack causal steps and keep source/action visible,status changes announced; controls keyboard reachable,chat screenshot that ends before action,high
powder,powder-glass-pricing-card,Dark Glass Pricing Card,pricing,separate plans without leaving the dark shell,translucent surface + plan identity + price + feature list + CTA,subtle border/value change on focus/hover,stack full-width cards,measure text/surface contrast; do not rely on translucency alone,faint glass cards with low contrast,medium
nudge-folio,nudge-context-rail,Persistent Context Rail,navigation,orient readers through long case/editorial routes,sticky local metadata/nav rail beside authored content,active section can update while scrolling,release rail into inline metadata on narrow screens,landmarks and current state available to keyboard/screen reader,sticky rail occupying mobile viewport,high
nudge-folio,nudge-project-stage,Sticky Project Stage,portfolio/proof,give each project a distinct authored beat,large project title/media + sticky stage + reflective evidence,scroll progression reveals case context,decompress into stacked project blocks,project link/action never depends on hover/drag,pinning every card regardless of reading job,high
nudge-folio,nudge-playground-surface,Bounded Playground,interaction,express personality without infecting core tasks,viewport-bounded objects + drag/cursor play + clear exit,drag/pointer exploration,disable/reframe on touch; preserve optionality,drag cannot be required for navigation; keyboard alternative/skip,making experimental gesture the only way to reach content,high
orbai,orbai-numbered-process,Numbered Service Process,proof/process,make engagement steps and outputs scannable,01/02/03 step + action + deliverable + transition,light reveal only,stack in process order,numbers supplement descriptive headings,decorative numbers with no progression,medium
orbai,orbai-service-card,Service Capability Card,card/service,explain what the agency does in bounded commercial units,service title + outcome/description + supporting media/icon + CTA,subtle hover,stack without changing information hierarchy,card link has service name; icon decorative if redundant,many identical rounded cards with vague copy,medium
orbai,orbai-pricing-comparison,Pricing + Comparison Bridge,pricing/proof,justify package choice after price is shown,plans -> verifiable comparison/evidence -> CTA,simple focus/hover,stack plans then preserve comparison semantics,comparison must be truthful and table/list semantics clear,vague us-vs-others superiority claims,high
nexira,nexira-sticky-project-deck,Sticky Project Deck,portfolio/proof,turn studio work into cinematic readable stages,full-stage project art + title + metadata + action,scroll holds one project stage at a time,keep sticky only if complete stage fits; otherwise stack,action visible and metadata readable without motion,tiny pinned cards on mobile,high
nexira,nexira-hud-meta,HUD Metadata Strip,metadata,add game-world instrumentation without obscuring work,mono/condensed labels + brackets/ticks + secondary facts,minimal state changes,reduce chrome before reducing project identity,text remains primary; avoid tiny low-contrast labels,HUD chrome becoming primary content,high
nexira,nexira-capability-card,Capability-to-Case Card,service/proof,connect what the studio sells to evidence it delivered,capability name + concise offer + linked case/project proof,hover can preview project art,stack and keep linked proof explicit,link purpose clear; image alt tied to project,service claim with no case evidence,high
ten-billion-years,cosmos-fixed-world-layer,Fixed Canvas World Layer,renderer,render one continuous authored world behind the story,single fixed canvas + atmosphere + semantic foreground layers,shared progress drives camera/world/FX,reduce DPR/particles/FX but keep same narrative state,canvas has DOM narrative equivalent; reduced-motion route,duplicating a renderer per chapter,high
ten-billion-years,cosmos-story-hud,Narrative HUD,navigation/status,expose chapter/progress/system state without becoming a dashboard,mono chapter/time/progress controls around sparse editorial content,updates from same progress bus,compress metadata and preserve only orientation-critical items,labels and controls accessible; state not color-only,independent HUD state drifting from story,high
ten-billion-years,cosmos-audio-gate,Opt-In Audio Gate,media/control,let sound deepen the story without blocking it,explicit enter/start + sound choice + mute control,audio begins only after user intent,keep full silent path,mute/pause keyboard accessible; content understandable without audio,autoplay soundtrack required for comprehension,high
voxai,vox-operational-micro-scene,Operational Micro-Scene,proof/product,show short automation chains instead of abstract AI claims,task input + state/handoff + tool/integration + output/status,bounded scene transitions,replace video/canvas with still UI/text sequence,states and actions remain understandable without animation,abstract feature icon grid,high
voxai,vox-integration-card,Integration Discovery Card,card/navigation,route from taxonomy/job to a concrete connector,integration identity + category/job + capability + detail action,hover supports scanning,stack/search/filter while keeping category text,logo has text name; action descriptive,logo wall as sole integration proof,high
voxai,vox-sticky-media-panel,Sticky Product Media Panel,proof/media,hold a rich product scene while adjacent narrative changes,sticky video/canvas/UI media + chapter copy,scroll updates scene state,substitute semantic still/UI/text on mobile,fallback content and controls; avoid motion-only meaning,keeping desktop media cost unchanged on mobile,high
tobi-mallory,tobi-collection-flip-card,Collection Flip Card,portfolio/card,make projects memorable as numbered collectible entries,creature/object + number + type + project cue + direct detail action,hover/focus/tap may reveal secondary face,critical metadata always visible or tap/focus accessible,pointer and keyboard expose equivalent information,client/work/action hidden only on hover back,high
tobi-mallory,tobi-type-badge,Taxonomy Type Badge,taxonomy,make category identity repeat consistently across site,text label + bounded accent color + emblem/creature family,small hover response optional,keep label and accent; simplify illustration,never color-only,freeform colors that change meaning route to route,high
tobi-mallory,tobi-quest-card,Productized Quest Card,service/pricing,package playful services without hiding commercial facts,themed title + plain outcome + price + duration + deliverables + CTA,light themed response,stack as straightforward service cards,conventional labels/CTA and readable pricing,lore-first service card with hidden scope,high
indiex,indiex-sticky-game-selector,Sticky Game Selector,portfolio/navigation,browse a small game/project set against one stable proof region,named selectors + selected state + large art/proof panel + description/differentiators + action,desktop selector remains sticky while project proof is inspected,release sticky ownership and use normal-flow selectable project blocks on narrow screens,"use buttons/tabs with selected state, keyboard model and focus visibility; do not use roleless tabindex DIVs",pseudo-tabs with no role/state or selectors that change decoration without meaningful proof,high
indiex,indiex-late-funnel-proof-stack,Late Funnel Proof Stack,conversion/layout,move visitors from confidence to objection resolution to human trust to contact,testimonials + FAQ + team + contact details/form,accordion only where objections need expansion; other proof remains directly readable,stack in the same decision order and allow the page to grow vertically,truthful attribution; semantic accordion; meaningful headings; labelled form fields and status feedback,"template testimonials, unrelated FAQ, fake team data or reordered mobile flow that breaks causality",high
indiex,indiex-inline-quote-form,Inline Quote Form,form/conversion,convert the completed one-page story without requiring a route change,direct contact details + name/email/subject/budget/message + clear submit action,validate fields and expose pending/success/error state,single-column fields with direct contact alternatives remaining visible,"real labels, error association, status announcement, privacy context and keyboard order",GET-to-self placeholder submission or silent success/failure,high
echoes-of-mars,echoes-pinned-sector-survey,Pinned Sector Survey,world/navigation,let visitors survey a bounded sequence of places in one stable cinematic viewport,chapter title + sticky viewport + horizontal sector track + place image/ID/coordinates/copy + summary/end state,vertical progress drives bounded horizontal track movement on desktop,release sticky and render the complete sector sequence vertically on narrow/reduced-motion contexts,all place facts remain DOM/readable without scrub; no horizontal gesture required for core reading,horizontal motion with no spatial meaning or more than one competing sticky owner,high
echoes-of-mars,echoes-recovered-footage-grid,Recovered Footage Grid,proof/media,turn screenshots into attributable product/world evidence rather than decorative gallery filler,asymmetric still grid + source label + scene/location + capture/build/platform metadata + proof note,mostly static; image scale provides hierarchy rather than carousel dependence,stack/crop stills while keeping provenance adjacent to the corresponding image,meaningful alt for content images; decorative texture layers empty-alt; no motion-only meaning,invented in-engine/build/resolution claims or detached metadata,high
echoes-of-mars,echoes-telemetry-label-system,Telemetry Label System,metadata/style,carry compact contextual facts and world continuity across large media chapters,coordinate/status line + chapter ordinal + sector/mission IDs + figure/build/platform/time labels,"primarily readable state, not decorative animation",reduce density/spread but retain the few metadata fields that answer real contextual questions,maintain contrast and readable font size; never encode essential state only by accent color,"random pseudo-terminal strings, blinking HUD noise or unreadable tiny type",high
echoes-of-mars,echoes-mechanics-survey-row,Mechanics Survey Row,feature/system,give a small set of important mechanics more presence than generic cards,top rule + compact index + oversized mechanic name + short description + optional image reveal,"pointer hover may reveal media, but all semantic content remains visible at rest",stack label/name/description normally and remove pointer-specific instruction on coarse inputs,"use H2/H3/list semantics, not repeated H1; hover is enhancement only","hover-only meaning, pointer-only instructions or four interchangeable feature cards",high
refokus,refokus-sticky-thesis-hero,Sticky Thesis Hero,hero/layout,give a service or agency thesis spatial weight before proof,fixed nav + tall editorial thesis + supporting context + transition into narrative,desktop sticky ownership while supporting content approaches,release sticky ownership and preserve thesis/CTA in normal flow,reading order remains DOM order; no motion-only meaning,sticky capture on small screens or sticky for decorative novelty,high
refokus,refokus-audience-proof-module,Audience-Bound Proof Module,proof/conversion,show evidence that is relevant to a specific buyer context,audience thesis + testimonial/case evidence + concise relevance framing + action,mostly direct reading; media preview optional,stack proof in the same causal order,attribution and project identity remain readable without media playback,generic proof reused without explaining audience relevance,high
refokus,refokus-media-proof-directory,Media-Dense Proof Directory,portfolio/navigation,scan/filter a large work corpus while retaining brand quality,filters + project name + category/service metadata + image/video preview + case action,filtering and optional preview playback,normal-flow project list/cards; no hover dependency,project links named; controls semantic; playback not sole identity,dozens of autoplay videos without lifecycle control,high
refokus,refokus-article-outline,Long-Form Article Outline,content/navigation,help readers navigate very long editorial pages,article metadata + sticky section outline + long body + related content,outline follows article sections on desktop,release sticky outline into normal/compact flow on mobile,outline links map to real headings; heading hierarchy remains primary,sticky TOC consuming narrow viewport,high
refokus-tools,refokus-tools-library-filter,Tool Library Filter Band,navigation/discovery,narrow a utility library without hiding context,fixed nav + sticky compact filter/context band + tool cards,filters update visible tools,keep band compact and horizontally safe,semantic filter controls; current state exposed,oversized sticky controls that dominate docs,high
refokus-tools,refokus-tools-install-recipe,Install Recipe,documentation,move from tool promise to verified implementation,tool identity + script + placement + attributes + staging test + demo,copy actions and test/demo links,stack steps; wrap/pre-scroll code locally without page overflow,copy controls named; code selectable; instructions not color-only,code snippet with no placement/configuration/verification,high
refokus-tools,refokus-tools-styleguide-rule,Public Styleguide Rule Block,documentation/system,turn internal implementation conventions into reusable builder guidance,rule heading + rationale + example + sticky/contextual explanation,mostly reading; sticky example where useful,release wide sticky examples into normal flow,examples remain understandable in text,styleguide as visual specimen without implementation rule,high
resend,resend-three-rail-doc-reader,Three-Rail Documentation Reader,documentation/navigation,read deep API/reference docs with stable context,fixed header + left tree + independently scrolling main article with code/parameters + right active outline,"route search, anchors and copy/code actions",collapse side rails but retain independently scrolling main and keyboard focus,"landmarks, accessible anchors and keyboard scroll across nested containers",fixed rails hide content or trap focus,high
resend,resend-migration-code-bridge,Migration Code Bridge,conversion/technical,reduce switching cost from a competing provider,competitor context + code converter + API/SDK comparison + docs/CTA,source-target snippets or converter selection,stack examples; keep code legible with contained overflow,"code/text selectable, converters labeled",generic competitor-negative claims,high
resend,resend-release-timeline,Sticky Changelog Timeline,content/wayfinding,scan high-volume dated releases,sticky date marker + release card + concrete code/UI proof,dated anchors and detail links,date rail reflows to single column,timestamps remain in reading order,unbounded expensive feed,high
resend,resend-public-handbook-nav,Public Handbook Department Rail,culture/trust,show real operating principles,oversized department index -> process article + compact department rail,department navigation,large title wraps; rail collapses,clear headings and keyboard navigation,generic values with no actionable evidence,high
resend,resend-human-contribution-list,Human Contribution Profile,team/trust,attribute product/engineering work to people,person identity + authored posts + changelog contributions,navigate original work,single readable contribution list,attribution and privacy,invented achievements,high
resend,resend-stack-landing-code,Stack Integration Proof Block,code/conversion,show developer fit by framework,stack headline + authentic SDK snippet + setup + CTA,framework selection and copy where available,locally scrollable code; no page overflow,selectable truthful syntax and accessible tabs,rasterized fake code,high
battlez,battlez-game-product-card,Game Commerce Card,commerce/product,convert game browsing into item inspection/purchase,illustration + category chips + game title + price + Add To Cart + detail link,category/detail selection; cart intent,cards stack in mobile shelf with readable price and action,semantic purchase buttons and named links,art-only cards with unclear purchase action,high
battlez,battlez-product-detail-purchase,Game Product Purchase + Lore Panel,commerce/product-detail,support purchase without hiding immersion,product media + title + price + labeled quantity + cart + long description and related items,quantity and cart action,stack media/price/action first; preserve story after purchase info,quantity input label and keyboard operable cart controls,unlabeled generic anchor for cart,high
battlez,battlez-game-category-shelf,Game Category Landing Shelf,navigation/commerce,make category navigable and buyable,category hero + matching game tiles + price/detail/cart,category links route to dedicated URLs,narrow card list without horizontal overflow,real heading and destination links,fake tag filter disconnected from actual items,high
battlez,battlez-editorial-story-card,Game Editorial Story Continuation,content/discovery,convert community reading into more meaningful articles,story image + category + headline + Learn More; detail with structured sections and related news,category and article navigation,single-column story cards and legible long-form headings,semantic article links and heading hierarchy,unverified clickbait or unrelated stories,high
nouva,nouva-workflow-proof-bento,Task-Oriented Workflow Proof Bento,product-proof,"show real team output, brief reuse, time savings",task promise -> product screenshot -> specific output -> Get started action,product screenshot/CTA rather than autoplay,card modules stack into long document order,meaningful screenshot alt text and nonanimated proof,generic AI gradient without task evidence,Chrome-computed
nouva,nouva-contact-qualification,Contact-First Lead Qualification Form,conversion/form,route trial/pricing interest into appropriate lead intake,name/email + optional company + required subject/message + consent control + submit,form validation and observable completion response,one-column fields remain readable on 390px,"associated labels, required statuses, consent separate",free-trial CTA without explanation that contact is first,Chrome-computed
nouva,nouva-auth-email-otp,Branded Email and OTP Panels,auth/navigation,maintain brand context across separate email/code/profile pages,shared header/footer + email entry + OTP form + account name/email,email -> verification code -> account continuation (backend untested),form shrinks to one column and preserves recovery links,"type=email and OTP autocomplete, status/error announcements and keyboard buttons",assuming a visible account form proves secure identity,Chrome-computed
nouva,nouva-pricing-plan-compare,SaaS Pricing Cards with Billing State,pricing,help choose Starter/Pro/Teams and billing units,three feature lists + price/unit + popular tag + monthly/yearly selection + lead action,selection must change price and accessible selected state when real,three cards stack while preserving billing information,"semantic switch/radio, unit clarity and accessible changes",static switch claiming 20% discount without price update,Chrome-computed
fizens,fizens-financial-dashboard-proof,Financial Benefit with Dashboard Proof Card,product-proof,make benefits tangible,value -> readable finance dashboard screenshot -> next action,real workflow if implemented,mobile vertically ordered screenshot with safe crop,financial numbers have textual context,placeholder financial outcome as real,Chrome-observed 2026-10-08
fizens,fizens-integration-partner-card,Financial Partner Directory Card,integration,explain one integration,partner name -> supported scope -> detail,partner detail link,compact partner list,precise destination and compatibility state,claiming untested OAuth,Chrome-observed 2026-10-08
fizens,fizens-pricing-feature-matrix,Accessible Finance Plan Comparison,pricing,compare plan units and feature limits,plan identity -> price unit -> feature rows -> CTA,route to trial/contact when real,three readable card/matrix stacks,clear table header/price semantics,price H1 and fake checkout,Chrome-observed 2026-10-08
fizens,fizens-verified-download-card,Verified App Store Download Card,conversion,link a real app,product name -> OS/platform -> exact listing,store link to product not index,single column app portfolio,OS-aware named link and store verification,generic store category link,Chrome-observed 2026-10-08
fizens,fizens-career-member-detail,CMS-Correct Person and Career Detail,trust,connect person and role details,staff profile -> specific role URL/title/H1 -> requirements/apply,real application destination,readable detailed job on mobile,matching CMS route/title/H1,Product Designer on every unrelated role,Chrome-observed 2026-10-08
tobi-mallory,tobi-service-intent-contact-selector,Preselected Productized Service Contact Picker,conversion/form,maintain visitor commercial context between offered service detail and lead intake,service offer and CTA -> source route/query payload -> matching selected option -> name/email/message -> confirmation,accept quest loads Contact with corresponding service selected while retaining ability to change,mobile contact select and labels remain fully accessible in one column,"explicit form label, semantic select and route-state fallback on reload",hardcoded first option selected for unrelated service intent,three source CTAs manually clicked in Chrome
bridgemind,bridgemind-mode-simulator,Three-Mode Operational Workbench,proof/product,let visitors inspect task-shaped agent examples,labeled sample UI + Agent/Code/Thread controls + pane fixture + Reset and Explore,selector swaps pane and copy; expand proof,"keep pane readable at 390px, with contained internal areas",selected state and sample boundary announced; keyboard accessible,fake live agent output,high
bridgemind,bridgemind-voice-simulator,No-Microphone Voice Sample,proof/interaction,show speech workflow without device permissions,Try sample + Listening status + History and Dictionary + model cards,simulated listening and tab changes,stack model/session panels without tiny copy,explain demo does not touch mic; status live text,pretend recording actually started,high
bridgemind,bridgemind-speech-trust-matrix,Local and Hosted Dictation Comparison,comparison,expose model data flow and costs,model size + language coverage + local/cloud destination + notes,model choice changes visible capability details,responsive row/cards preserve terms,labels distinguish privacy and credit implications,local app implies all transcription offline,high
bridgemind,bridgemind-tier-credit-card,AI Workbench Pricing Card,pricing,make platform and provider costs explicit,Basic/Pro/Ultra tier + billing period + included credits + BYO note,billing and disclosure controls shown,one-column stacked tier matrix on phone,announce selection and invoice total accurately,monthly-equivalent confused with monthly invoice,high
bridgemind,bridgemind-release-navigator,Cross-Product Changelog Index,navigation/content,find version across multiple agent products,product sidebar + platform chips + version/date list + detail links,filter and navigate version entries,release cards/list readable in tall viewport,pressed chip state; direct version link accessible,infinite undifferentiated release list,high
bridgemind,bridgemind-docs-task-rail,Developer Task Documentation Rail,docs/navigation,bridge capability pitch to setup steps,getting-started and modes + skills/routines + platform guides,topic routes and search links,compact docs rail without blocking body,semantic headings and OS guidance,marketing and docs OS claims diverge,high
arpeggio,arpeggio-editorial-manifesto,Editorial Type and Media Manifesto,hero/layout,land memorable agency identity while exposing service job,short membership thesis + huge design statement + curated media and one work CTA,scroll/media focus and immediate project route,title reduces 130px to readable 48px,semantic one visible H1; reduced motion fallback,long-only introduction detached from services,high
arpeggio,arpeggio-project-directory,Searchable Portfolio Directory,directory/content,route visitors to case matching discipline,featured items + client/date/type + search input + category selector,search/category affects visible cards; reset/empty,vertical card browse at 390px,labelled query and selector; announce count and no-result,fake field that does not filter correctly,high
arpeggio,arpeggio-editorial-case-detail,Problem-to-Outcome Case Study,case/proof,show what the agency did and why it mattered,project hero + client/date/tech -> challenge -> solution -> outcome -> credits,next project and live case links,image-rich single-column reading,heading levels; video alt/captions; credited data source,fabricated outcomes,high
arpeggio,arpeggio-membership-card,Monthly Creative Subscription Tier,pricing,communicate Core/Pro service capacity and constraints,tier selector + monthly amount + single project queue + revision/turnaround + minimum term,switch displayed tier and verified CTA,one plan with readable features on mobile,selected plan and billing disclaimer accessible,unlimited promise without queue and contract terms,high
arpeggio,arpeggio-qualified-intake,Service and Budget Qualified Form,form,reduce ambiguous client inquiries,service select + budget select + required sender fields and description,service/budget selection then submit; alternatives,stack natural native form controls,visible labels and error validation,sender fields disconnected from user intent,high
arpeggio,arpeggio-editorial-article,Journal Article Layout,editorial/content,carry thinking and topic expertise,topic/date/author + hero + chaptered argument + selected media + related articles,related-navigation and newsletter,vertical reading with proper line measure,correct section semantics and alt text,invented author or numeric research claims,high
arpeggio,arpeggio-agency-contact-rail,Clock and Multi-Channel Contact Rail,navigation/conversion,maintain personal agency feel alongside conversion,small local-time/location status + contact links + footer newsletter,call/chat/email opens accurate owner destinations,compact social rail without sacrificing projects,"named links, timezone accurate and focus visible",generic provider home links and fake availability,high
spector,spector-agency-manifesto,Kinetic Editorial Agency Manifesto,hero/layout,make a strong studio premise memorable without losing user actions,studio address/service + 48px H1 + colossal typographic thesis + one project/contact CTA,subtle motion/counter and anchored case flow,line-break and hierarchy compose for 390px,single meaningful H1 and ordered text; reduced motion,large type divorced from content proof,high
spector,spector-client-3d-carousel,Six-Item Sector and Client 3D Carousel,media/proof,orient viewer across industries and partnerships,six items + accessible current count + prev/next buttons + key instructions + visual/canvas stage,arrow key and button navigation with status feedback (source transition inconclusive),static scrollable tiles on compact/low-motion,tab focus and live item announcement,inaccessible motion-only canvas or invented logos,high
spector,spector-service-portfolio,Six-Discipline Service Roster,service/navigation,let prospective clients locate branding through development,Brand Identity + Product Design + Web Systems + Development + Content/Messaging + Motion/Interaction,links/tile sections connect role to example work,stack category lanes with named anchors,clickable semantic links not pseudo tabs,copying sample agency disciplines verbatim when unsupported,high
spector,spector-campaign-detail,Metadata-First Campaign Case,case/proof,show what was done for a named campaign,date + client + industry + role + deliverables + timeframe -> Challenge -> Solution -> illustrated proof,Next/Related/All Projects and contact CTA,42px project H1 and sequential picture/video blocks,accurate heading hierarchy; media alt/caption,imaginary metrics and random teaser captions,high
spector,spector-lab-story,Studio Lab Essay Reader,editorial/content,make long-form design thought leadership useful,article real H1 + byline/date/reading-time + chapters + captions + related article navigation,shares and next article,portrait article text and sensible measure on phone,proper article headings; labelled sharing buttons,source MORE LABS H1 instead of article title,high
spector,spector-focus-project-package,Quoted Design Project Package,pricing,set expectations for scoped design engagement,homepage package level/price + deliverable scope + terms + consulting CTA,price tier selector if truly functional; route contact with selected intent,"vertical package table, clear inclusions",focus order and tier semantics; verified CTA,mix up one-time scoped service with unlimited membership,high
spector,spector-budget-contact,Budget-Qualified Discovery Intake,form/conversion,capture project fit and business details,required Budget dropdown + required Name Email Message + Terms link + Submit,native validation and explicit submit feedback (submission not tested),native select and 100%-width inputs,labels/error text and email inputmode; prevent spam,generic external social homepage claimed as contact,high
spector,spector-agency-footer,Contact and Newsletter Utility Footer,navigation/trust,"keep work, Lab, contact and legal accessible",newsletter Name/Email; agency contact copy buttons; socials; legal; copyright,copy email/phone and back-to-top controls; newsletter not submitted,compact stacked link groups,"real phone/email, link targets, descriptive focus",relative instagram 404; Framerpod sample links; linked /404,high
