viewport,reduced_motion,scroll_fraction,hud_chapter,sampled_elapsed_years
1440x900,no-preference,0,Before,0
1440x900,no-preference,0.12,The Cloud,711889285
1440x900,no-preference,0.25,The Collapse,1359741918
1440x900,no-preference,0.38,The Galaxy,2807737345
1440x900,no-preference,0.5,First Light,3601934912
1440x900,no-preference,0.63,The Last Fuel,4579451380
1440x900,no-preference,0.76,Supernova,5673857140
1440x900,no-preference,0.88,You,6806388589
1440x900,no-preference,0.99,You,9097665843
390x844,no-preference,0.5,The Swelling,5538192521
1440x900,reduce,0.5,The Swelling,5538811147
