site_id,name,archetype,product_types,style_keywords,theme,variance,motion,density,composition,visual_signature,best_for,avoid_for,performance_profile,accessibility_watch,mobile_strategy,prompt_keywords,implementation_checklist,evidence
refokus,Refokus,creative-agency,agency|b2b-tech|brand-studio|content-hub|portfolio,editorial;kinetic;high-contrast;spatial;brand-led;proof-rich,light-editorial,8,7,5,route-complete agency ecosystem: signature home; service/audience persuasion; media work directory; variable-depth cases; long-form knowledge; careers/resource/contact,Featuredeck editorial identity over General Sans utility; bounded WebGL2/Three hero; white shell and dark proof bands; project-specific media worlds,creative agencies;brand studios;B2B companies with real case evidence and thought leadership,transactional apps or thin portfolios that cannot justify media density,medium-high; bounded WebGL hero plus media-heavy work index up to 37 videos and 141 images,fixed overlays; autoplay previews; multi-H1 on one audience route; canonical parity across route families,release desktop sticky hero/case/article owners; preserve route narrative and proof; keep zero outer overflow,editorial agency kinetic serif spatial case study service audience proof media directory,route-family job map; bounded signature stage; service/audience proof binding; variable case depth; media lifecycle; canonical/lang invariant,high
resend,Resend,developer-product,developer-tools|api|email-infrastructure|saas|technical-documentation|public-handbook,dark;precise;technical;editorial;code-first,dark-developer,5,4,6,full 11-sitemap ecosystem: editorial home + inspectable feature demos + stack landings + migration bridges + three-rail docs + release timeline + customer/human/handbook proof,serif hero + neutral product headings + mono code surfaces on near-black shell,developer platforms;APIs;infrastructure SaaS;technical products,playful consumer products without real technical proof,varying: bounded home 3D; docs isolated scroll; changelog 68k-pixel/273 image nodes warrants pagination,"docs nested focus/scroll ownership, several multi-H1 pages, stale /shop sitemap pointer",Spline cube -> video; capability media/code stacks; docs keeps internal main scroll; handbook oversized title wraps without document overflow,developer dark code api precise editorial infrastructure,route-atlas first; product-state evidence; stack snippet; migration mapping; docs rails/focus; changelog pagination; human-authored proof; sitemap status invariant,high
rockstar-vi,Rockstar Games VI,cinematic-launch,game-launch|entertainment|franchise-campaign,cinematic;immersive;art-directed;chaptered;media-led,dark-cinematic,10,9,2,world reveal through cinematic chapters with art/video as primary proof and utility delayed,"bespoke ArtDeco typography, fixed HUD-like navigation, aspect-ratio-specific key art and bounded media",major game launches;film/entertainment campaigns;franchise reveals,information-dense SaaS;frequent task workflows;small brands without original media,high; canvas/video/art layers require explicit media cost ladder,motion/video controls; skip link; text over imagery; focus within fixed overlays,preserve logo/key-art/world payload while swapping crop/asset and reducing media cost,cinematic game launch world chapters key art trailer immersive,chapter contrast; aspect art direction; user-invoked video; media cost ladder; mobile world payload,high
tokenmeter,Tokenmeter,data-directory,data-directory|comparison|reference|ai-infrastructure,utilitarian;editorial-data;high-density;flat;evidence-first,light-data,3,2,9,strong data thesis into searchable directory/comparison surfaces with methodology adjacent,"warm near-white shell, near-black text, orange accent, sans hierarchy + mono data roles, zero-radius tables",directories;benchmarks;pricing/comparison tools;reference products,emotion-led brand campaigns;highly decorative portfolios,low; mostly DOM tables and text with restrained motion,wide table ownership; sticky headers; non-color confidence cues; keyboard scanability,allow bounded internal horizontal density or alternative record views while outer document stays stable,data directory comparison evidence mono warm neutral dense,confidence near values; methodology links; contained overflow; sticky table headers; mono only for data,high
novaos,NovaOS,enterprise-ai,enterprise-ai|agent-platform|automation|saas,light;calm;enterprise;operational;clean,light-enterprise,4,4,6,"benefit-led hero followed by operational pipeline proof, integrations, plans, FAQ and trust satellites","DM Sans headlines, Geist/Inter utility, white/light-grey surfaces with blue and green operational accents",enterprise AI;workflow automation;B2B SaaS;platform products,art-led entertainment launches;extremely playful consumer brands,medium; image-heavy proof but no canvas/video on audited home,smooth-scroll lifecycle; image proof legibility; pill/badge semantics,"crop proof at readable scale, stack operational stages and preserve causal order",enterprise ai light operational calm blue green workflow,model-context-action proof; route credibility; readable proof crops; restrained accents,high
powder,Powder,agent-saas,agent-saas|automation|work-platform|ai-product,dark;premium;soft-glass;sticky;conversational,dark-saas,6,6,6,"long-form dark SaaS with sticky capability chapters, chat-to-action evidence, metrics, pricing and FAQ","black shell, translucent white surfaces, warm off-white copy, rounded proof modules and sticky stages",AI agents;workflow products;premium SaaS;multi-capability platforms,dense data tables;content sites where long sticky proof creates friction,medium; DOM-heavy long page with sticky states and moderate animation,sticky occupancy; translucent contrast; chat states; focus inside layered cards,release desktop sticky geometry and restore narrative order to normal flow,dark ai agent premium sticky glass workflow chat outcomes,chat-to-action chain; one sticky owner; readable contrast; mobile release; quarantine template residue,high
nudge-folio,Nudge Folio,portfolio-editorial,portfolio|creative-director|designer|studio,expressive;editorial;playful;brutalist-collage;personal,light-expressive,10,7,4,"oversized identity, featured work stages, reflective case arcs, bounded playground and direct contact",Flux display + Inter Display + DM Mono + handwritten accent with Slack-like saturated blocks,designer portfolios;creative studios;personal brands with real case depth,regulated enterprise;dense operational UI;brands without original visual assets,medium; mostly DOM/sticky interactions with no canvas/video on audited home,drag interactions must stay optional; huge text wrapping; sticky rails on narrow viewports,decompress collage/sticky composition into linear reading while retaining one personality cue,expressive portfolio editorial collage playful mono handwritten bold,strict font roles; reflective case evidence; bounded playground; release rails on mobile,high
orbai,OrbAI,ai-service,ai-agency|service-business|consulting|saas-template,light;minimal;service-led;rounded;commercial,light-service,4,5,5,single commercial core with features/services/process/results/testimonials/pricing plus light trust satellites,"light grey field, black inverse sections, Satoshi headings, generous rounded service/pricing modules",AI agencies;consultancies;productized services;simple B2B offers,large catalogs;deep enterprise products needing many route families,medium; some video but otherwise conventional DOM marketing,ambient video; testimonial controls; repeated rounded cards; pricing clarity,stack horizontal sections and accept longer page instead of compressing content,light ai agency service minimal rounded pricing process,commercial core; numbered process; pricing bridge; bounded ambient media; mobile long-form,high
nexira,Nexira,game-studio,game-studio|creative-service|outsourcing|entertainment,dark;industrial;gaming;condensed;lime-accent;sticky,dark-cinematic,8,6,4,"studio proposition, services, sticky project deck, awards/content and download/contact conversion","charcoal shell, neon-lime accent, Oswald condensed headings, HUD-like metadata and sticky case stages",game studios;3D/art outsourcing;gaming service companies,single-title cinematic launch where world marketing should dominate;formal enterprise UI,medium; image-heavy but no canvas/video on audited home,lime contrast on dark; sticky card occupancy; launcher/download labels; all-caps readability,keep only sticky stages that remain complete/readable; author mobile art crops,game studio dark lime condensed hud sticky projects,capability-to-case pairing; authored still crops; HUD restraint; sticky-by-job,high
ten-billion-years,Ten Billion Years,immersive-scroll-world,immersive-story|scrollytelling|experiential|campaign,cosmic;cinematic;procedural;editorial;minimal-hud,dark-immersive,10,10,2,"continuous scroll timeline with fixed canvas world, editorial chapter copy, HUD and isolated payoff/coda","near-black cosmos, Instrument Serif narrative, JetBrains Mono HUD, one fixed renderer driven by shared progress",immersive storytelling;high-concept campaigns;museum/editorial experiences,forms-heavy products;SEO-heavy multi-route apps;low-performance environments without fallback,very-high; one fixed canvas renderer plus procedural effects requires adaptive budget,reduced-motion narrative fallback; opt-in audio; keyboard/touch parity; readable DOM copy over canvas,preserve story state and editorial payload while reducing DPR/FX/particles and simplifying input,immersive scroll world cosmic serif hud canvas procedural cinematic,shared progress bus; weighted timeline; adaptive budget; reduced-motion path; payoff isolation,high
voxai,VoxAI,ai-saas-ecosystem,ai-saas|voice-agent|integrations|automation-platform,dark;bold;media-rich;ecosystem;operational,dark-saas,8,7,6,"giant brand hero into operational how-it-works, features, metrics, integrations and commercial proof satellites","near-black violet shell, giant Cal Sans wordmark, Inter Display utility, blue/green operational accents, sticky media",AI SaaS ecosystems;voice/automation products;integration-heavy platforms,small products without operational proof or integration depth,high; audited home uses video plus optional canvas/sticky media,giant type wrap; canvas/video substitution; forms; CMS binding across dynamic routes,replace expensive desktop media with semantic still/UI/text proof while keeping route/job clarity,dark ai voice agent ecosystem bold giant type integrations media,operational micro-scenes; integration detail proof; full-family binding QA; mobile media substitute,high
tobi-mallory,Tobi Mallory,whimsical-world-portfolio,portfolio|creative-studio|personal-brand|service-business,whimsical;collectible;playful;illustrated;warm,cream-playful,9,8,5,"teach world vocabulary, collection, taxonomy, case proof, map, services, process, editorial and contact","warm cream shell, plum ink, Bricolage Grotesque, Space Mono and six category accent families tied to taxonomy",creative portfolios;small studios;illustration-led brands;catalog experiences,regulated tools;serious financial/legal workflows;brands without original world assets,medium; many Framer/DOM animations but no canvas/video on audited home,hover-to-touch translation; metaphor clarity; category not color-only; semantic H1 on detail routes,preserve world vocabulary/taxonomy while reducing display scale and releasing hover geometry,whimsical portfolio collectible world cream playful taxonomy illustrated,stable metaphor map; mnemonic case proof; text + color taxonomy; touch-safe collection; conventional fallbacks,high
indiex,Indiex,game-studio,game-studio|creative-service|one-page-marketing|entertainment,dark;navy;acid-accent;condensed;cinematic;one-page,dark-cinematic,7,4,5,"one-page conversion spine from identity and scale proof through services, games, social proof, FAQ, team and contact","deep navy shell, one acid-green accent, condensed Oswald display, bracketed HUD labels, large authored game/character art and poster-first media",compact game studios;game-art or development services;small entertainment studios with a focused offer,deep case/service SEO;large content ecosystems;data-heavy applications,medium; image-heavy with two deferred videos but no canvas/WebGL,focusable DIV pseudo-tabs/accordion lack roles and state; no explicit video controls; placeholder form semantics,"release sticky selector and nonessential motion, reduce rendered media variants, preserve the full conversion sequence and condensed-display identity",compact game studio one page dark navy acid green condensed cinematic proof services games,one-page job map; semantic tabs/accordion; real contact backend; content-integrity sweep; poster-first media; mobile sticky release,high
echoes-of-mars,Echoes of Mars,cinematic-game,game-launch|entertainment|narrative-campaign|single-title,atmospheric;documentary;field-report;cinematic;rust;telemetry;still-image,dark-atmospheric,8,6,4,"single long campaign from hero/trailer and premise through spatial world survey, story, gameplay, systems, proof, character, sound, release and press","warm near-black Martian shell, bone text, rust accent, huge Saira display, Datatype telemetry, field-report labels, still-image proof and one pinned sector survey",narrative games;atmospheric entertainment launches;world-led campaign microsites with strong authored stills,game studios selling services;dense apps;brands without original world/media material,"medium; 47-image campaign with 21 lazy images, no video/canvas, one custom sticky/horizontal world controller",empty home lang; repeated mechanic H1s; pointer-specific hover instruction on mobile; placeholder external actions; anonymous press proof,preserve full campaign and telemetry context but release horizontal/sticky world behavior into vertical flow and reduce display scale aggressively,atmospheric cinematic game field report telemetry mars documentary world survey still image,chapter job map; telemetry vocabulary; exact CTA destinations; semantic headings/lang; pinned survey fallback; truthful footage provenance; coarse-pointer copy,high
refokus-tools,Refokus Webflow Tools,developer-tool,developer-tool|webflow-utility|documentation|tool-library,dark;utility;developer;purple;mono;documentation;playful,dark-utility,6,4,6,tool library -> discovery/filtering -> install documentation; companion public styleguide,dark Manrope shell; purple utility accents; compact sticky context bands; technical mono only for code/config roles,small developer utilities;integration libraries;install-oriented product docs,consumer storytelling where code/configuration is not part of the task,medium; image-rich tool library with no canvas and limited videos,missing document language/canonical; multi-H1 visual phrase; code readability on narrow screens,180px display -> 64px; 80px docs H1 -> 36px; retain install order and compact sticky context; zero outer overflow,dark developer tool library Webflow docs purple Manrope mono install verify,tool discovery; exact install steps; code/config roles; staging verification; public styleguide; canonical/lang semantics,high
