site_id,desktop_viewport,desktop_doc,mobile_viewport,mobile_doc,outer_overflow_mobile,background,foreground,primary_fonts,desktop_primary_type,mobile_primary_type,desktop_media,mobile_media,runtime_note
"refokus","1440x900","1440x6369","390x844","390x5598","0","#FFFFFF","#0F1215","Featuredeck|General Sans Variable","Featuredeck 88px display; H1 20.8px","Featuredeck 35.2px display; H1 17.6px","1 canvas|8 video|82 images","1 canvas|8 video|82 images","fixed nav and bounded immersive hero/stages"
"resend","1440x900","1430x12133","390x844","390x13902","0","#000000","#F0F0F0","Domaine|ABC Favorit|Inter|Commit Mono","H1 96px; H2 56px","H1 64px; H2 48px","0 canvas|4 video|12 images","0 canvas|4 video|12 images","sticky header; code/product proof dominates"
"rockstar-vi","1440x900","1440x11870","390x844","390x10578","0","#0C0D1B","#FFFFFF","ArtDeco family","campaign heading ~57.6px","campaign heading ~27.3px","3 canvas|2 video|33 images","3 canvas|2 video|33 images","fixed HUD/nav; aspect-art-directed media chapters"
"tokenmeter","1440x900","1425x2502","actual ~495px wide under browser minimum","495x2705","0 at actual viewport","#FBFAF7","#0B0B0C","Archivo Variable|JetBrains Mono Variable","H1 70.4px; H2 24px","H1 33.6px; H2 18.4px","0 canvas|0 video|0 images","0 canvas|0 video|0 images","sticky table headers; dense data-first page"
"novaos","1440x900","1425x7644","390x844","390x10246","0","#F7F7F7","#161816","DM Sans Variable|Geist|Inter","H1 62px; H2 46px","H1 34px; H2 27px","0 canvas|0 video|82 images","0 canvas|0 video|74 images","light enterprise proof with blue/green operational accents"
"powder","1440x900","1425x17595","390x844","390x19129","0","#000000","#FFF3F0","Inter|Inter Display","H1 56px; H2 40px; metric 144px","H1 36px; H2 32px","0 canvas|0 video|27 images","0 canvas|0 video|27 images","long sticky dark SaaS composition with translucent surfaces"
"nudge-folio","1440x900","1425x7856","390x844","390x6053","0","#FFFFFF","#111212","Flux Variable|Inter Display|DM Mono|Just Me Again Down Here","H1 150px; section display 120px","H1 80px; section display 56px","0 canvas|0 video|16 images","0 canvas|0 video|13 images","expressive sticky portfolio; bounded experimental interactions"
"orbai","1440x900","1425x12605","390x844","390x17491","0","#F5F5F5","#000000","Satoshi|Inter","H1 100px; H2 56px","H1 40px; H2 36px","0 canvas|2 video|35 images","0 canvas|2 video|35 images","single commercial core with process/pricing/testimonial sections"
"nexira","1440x900","1425x10805","390x844","390x15783","0","#222222","#FFFFFF","Oswald|Inter","H1 80px; H2 48px","H1 52px; H2 36px","0 canvas|0 video|83 images","0 canvas|0 video|54 images","charcoal/lime game-studio shell with sticky project stages"
"ten-billion-years","1440x900","1440x9261","390x844","390x8685","0","#04050B","#F4F6FF","Instrument Serif|JetBrains Mono|Inter","opening display 128px; H1 70.4px","opening display 46.4px; chapters 38.4px","1 canvas|0 video|0 images","1 canvas|0 video|0 images","fixed canvas + DOM overlay + HUD driven by one scroll world"
"voxai","1440x900","1425x14491","390x844","390x22451","0","#030014","#FFFFFF","Cal Sans|Inter Display","hero 270/240px; H2 46px","hero 114px; H2 26px","1 canvas|3 video|113 images","0 canvas|2 video|113 images","heavy brand hero and operational/integration media; mobile drops canvas"
"tobi-mallory","1440x900","1425x13739","390x844","390x13716","0","#FFF6E8","#1E1838","Bricolage Grotesque|Space Mono","H1 168px; H2 92px","H1 80px; H2 46px","0 canvas|0 video|11 images","0 canvas|0 video|11 images","many DOM/Framer animations; six stable taxonomy accent families"
indiex,1440x900,1425x11401,390x844,390x17793,0,#0B121D,#E0E0E0,Oswald|Inter|Inter Display,H1 96px; H2 48px; H3 32px,H1 48px; H2 32px; H3 24px,0 canvas|2 video|141 images,0 canvas|2 video|70 images,Framer befeeaf; one-page anchor system; desktop sticky game selector releases on mobile; 4 desktop vs 0 settled mobile animations
