family,url,sitemap_declared,http_status,title,canonical,server_h1_count,response_bytes
home,https://fizens.framer.ai/,true,200,Fizens - The Ultimate Finance SAAS Framer Template,https://fizens.framer.ai/,12,1441570
core-features,https://fizens.framer.ai/features,true,200,Fizens - The Ultimate Finance SAAS Framer Template,https://fizens.framer.ai/features,1,664273
core-about,https://fizens.framer.ai/about,true,200,Fizens - The Ultimate Finance SAAS Framer Template,https://fizens.framer.ai/about,1,965479
core-integration,https://fizens.framer.ai/integration,true,200,Fizens - The Ultimate Finance SAAS Framer Template,https://fizens.framer.ai/integration,1,483525
core-download,https://fizens.framer.ai/download,true,200,Fizens - The Ultimate Finance SAAS Framer Template,https://fizens.framer.ai/download,1,457944
core-contact,https://fizens.framer.ai/contact,true,200,Fizens - The Ultimate Finance SAAS Framer Template,https://fizens.framer.ai/contact,1,364214
core-changelog,https://fizens.framer.ai/changelog,true,200,Fizens - The Ultimate Finance SAAS Framer Template,https://fizens.framer.ai/changelog,1,391612
core-pricing,https://fizens.framer.ai/pricing,true,200,Fizens - The Ultimate Finance SAAS Framer Template,https://fizens.framer.ai/pricing,10,675935
core-articles,https://fizens.framer.ai/articles,true,200,Fizens - The Ultimate Finance SAAS Framer Template,https://fizens.framer.ai/articles,1,480247
legal,https://fizens.framer.ai/term-and-conditions,true,200,Fizens - The Ultimate Finance SAAS Framer Template,https://fizens.framer.ai/term-and-conditions,1,403589
legal,https://fizens.framer.ai/privacy-policy,true,200,Fizens - The Ultimate Finance SAAS Framer Template,https://fizens.framer.ai/privacy-policy,1,397359
core-overview,https://fizens.framer.ai/overview,true,200,Fizens - The Ultimate Finance SAAS Framer Template,https://fizens.framer.ai/overview,6,542413
integration-detail,https://fizens.framer.ai/integration/chainly,true,200,Fizens - The Ultimate Finance SAAS Framer Template,https://fizens.framer.ai/integration/chainly,2,406034
integration-detail,https://fizens.framer.ai/integration/syncnest,true,200,Fizens - The Ultimate Finance SAAS Framer Template,https://fizens.framer.ai/integration/syncnest,2,405944
integration-detail,https://fizens.framer.ai/integration/relaylink,true,200,Fizens - The Ultimate Finance SAAS Framer Template,https://fizens.framer.ai/integration/relaylink,2,405948
integration-detail,https://fizens.framer.ai/integration/connectzen,true,200,Fizens - The Ultimate Finance SAAS Framer Template,https://fizens.framer.ai/integration/connectzen,2,405955
integration-detail,https://fizens.framer.ai/integration/integryhub,true,200,Fizens - The Ultimate Finance SAAS Framer Template,https://fizens.framer.ai/integration/integryhub,2,405952
integration-detail,https://fizens.framer.ai/integration/taskio,true,200,Fizens - The Ultimate Finance SAAS Framer Template,https://fizens.framer.ai/integration/taskio,2,405936
integration-detail,https://fizens.framer.ai/integration/flownet,true,200,Fizens - The Ultimate Finance SAAS Framer Template,https://fizens.framer.ai/integration/flownet,2,405940
integration-detail,https://fizens.framer.ai/integration/databridge,true,200,Fizens - The Ultimate Finance SAAS Framer Template,https://fizens.framer.ai/integration/databridge,2,405953
integration-detail,https://fizens.framer.ai/integration/zapsync,true,200,Fizens - The Ultimate Finance SAAS Framer Template,https://fizens.framer.ai/integration/zapsync,2,405941
team-detail,https://fizens.framer.ai/team-member/sarah-jane,true,200,Fizens | Sarah Jane - Founder & CEO,https://fizens.framer.ai/team-member/sarah-jane,1,413869
team-detail,https://fizens.framer.ai/team-member/john-david,true,200,Fizens | John David - CEO,https://fizens.framer.ai/team-member/john-david,1,412468
team-detail,https://fizens.framer.ai/team-member/michael-james,true,200,Fizens | Michael James - Marketing Leader,https://fizens.framer.ai/team-member/michael-james,1,414762
team-detail,https://fizens.framer.ai/team-member/jennifer-ann,true,200,Fizens | Jennifer Ann - Project Manager,https://fizens.framer.ai/team-member/jennifer-ann,1,414457
team-detail,https://fizens.framer.ai/team-member/william-joseph,true,200,Fizens | William Joseph - Product Designer,https://fizens.framer.ai/team-member/william-joseph,1,414921
team-detail,https://fizens.framer.ai/team-member/charlotte-rose,true,200,Fizens | Charlotte Rose - Product Designer,https://fizens.framer.ai/team-member/charlotte-rose,1,414921
team-detail,https://fizens.framer.ai/team-member/amelia-grace,true,200,Fizens | Amelia Grace - Software Engineer,https://fizens.framer.ai/team-member/amelia-grace,1,414752
team-detail,https://fizens.framer.ai/team-member/evelyn-mae,true,200,Fizens | Evelyn Mae - Software Engineer,https://fizens.framer.ai/team-member/evelyn-mae,1,414443
job-detail,https://fizens.framer.ai/jobs/bussiness-analyst,true,200,Fizens Careers | Bussiness Analyst Position,https://fizens.framer.ai/jobs/bussiness-analyst,1,407211
job-detail,https://fizens.framer.ai/jobs/marketing-manager,true,200,Fizens Careers | Marketing Manager Position,https://fizens.framer.ai/jobs/marketing-manager,1,407100
job-detail,https://fizens.framer.ai/jobs/ios-developer,true,200,Fizens Careers | iOS Developer Position,https://fizens.framer.ai/jobs/ios-developer,1,407074
job-detail,https://fizens.framer.ai/jobs/product-designer,true,200,Fizens Careers | Product Designer Position,https://fizens.framer.ai/jobs/product-designer,1,407091
article-detail,https://fizens.framer.ai/articles/universities-proposing-no-loan-options-for-financial-aid-packages-to-students,true,200,Universities Proposing No-loan Options For Financial Aid Packages To Students - Fizens Financial SaaS Framer Template,https://fizens.framer.ai/articles/universities-proposing-no-loan-options-for-financial-aid-packages-to-students,1,405643
article-detail,https://fizens.framer.ai/articles/buy-low-sell-high,true,200,"âBuy Low, Sell Highâ  - Fizens Financial SaaS Framer Template",https://fizens.framer.ai/articles/buy-low-sell-high,1,404530
article-detail,https://fizens.framer.ai/articles/opportunities-for-insurers-in-a-rapidly-shifting-insurtech-market,true,200,Opportunities For Insurers In A Rapidly Shifting Insurtech Market - Fizens Financial SaaS Framer Template,https://fizens.framer.ai/articles/opportunities-for-insurers-in-a-rapidly-shifting-insurtech-market,1,405283
article-detail,https://fizens.framer.ai/articles/how-insurers-can-serve-asia-s-aging-population,true,200,How Insurers Can Serve Asiaâs Aging Population - Fizens Financial SaaS Framer Template,https://fizens.framer.ai/articles/how-insurers-can-serve-asia-s-aging-population,1,404853
article-detail,https://fizens.framer.ai/articles/8-financial-tips-for-young-adults,true,200,8 Financial Tips for Young Adults - Fizens Financial SaaS Framer Template,https://fizens.framer.ai/articles/8-financial-tips-for-young-adults,1,404623
article-detail,https://fizens.framer.ai/articles/10-simple-habits-to-improve-your-investing-results-immediately,true,200,10 Simple Habits to Improve Your Investing Results Immediately  - Fizens Financial SaaS Framer Template,https://fizens.framer.ai/articles/10-simple-habits-to-improve-your-investing-results-immediately,1,405396
article-detail,https://fizens.framer.ai/articles/3-essential-questions-you-need-to-ask-your-insurance-advisor,true,200,3 Essential Questions You Need to Ask Your Insurance Advisor  - Fizens Financial SaaS Framer Template,https://fizens.framer.ai/articles/3-essential-questions-you-need-to-ask-your-insurance-advisor,1,405532
article-detail,https://fizens.framer.ai/articles/adjusting-the-sails-of-your-investment-to-the-weather,true,200,Adjusting The Sails Of Your Investment To The Weather - Fizens Financial SaaS Framer Template,https://fizens.framer.ai/articles/adjusting-the-sails-of-your-investment-to-the-weather,1,405206
article-detail,https://fizens.framer.ai/articles/why-you-should-not-invest-your-emergency-fund,true,200,Why You Should Not Invest Your Emergency Fund  - Fizens Financial SaaS Framer Template,https://fizens.framer.ai/articles/why-you-should-not-invest-your-emergency-fund,1,405169
article-detail,https://fizens.framer.ai/articles/navigating-the-stock-market-a-beginner-s-guide,true,200,Navigating the Stock Market: A Beginner's Guide - Fizens Financial SaaS Framer Template,https://fizens.framer.ai/articles/navigating-the-stock-market-a-beginner-s-guide,1,404892
core-404,https://fizens.framer.ai/404,false,404,Fizens - The Ultimate Finance SAAS Framer Template,https://fizens.framer.ai/404,0,352570
core-jobs,https://fizens.framer.ai/jobs,false,404,Fizens - The Ultimate Finance SAAS Framer Template,https://fizens.framer.ai/404,0,352570
core-team-member,https://fizens.framer.ai/team-member,false,404,Fizens - The Ultimate Finance SAAS Framer Template,https://fizens.framer.ai/404,0,352570
core-not-found-audit-20261008,https://fizens.framer.ai/not-found-audit-20261008,false,404,Fizens - The Ultimate Finance SAAS Framer Template,https://fizens.framer.ai/404,0,352570
