site_id,live_sitemap_loc_count,desktop_target,desktop_document,desktop_overflow_px,mobile_target,mobile_document,mobile_overflow_px,canvas_count_desktop,video_count_desktop,image_count_desktop,fixed_sticky_count_desktop,font_roles,body_background,notes
refokus,102 + 19 companion,1440x900,1440x6965,0,390x844,390x5926,0,1,8,82,6,Generalsans Variable|Featuredeck,white,2026-10-08 re-audit: 102 main URLs plus robots-advertised 19-url Tools companion; WebGL2/Three hero re-verified; full route families audited
resend,1015 (11 nested sitemap files),1920x889,1910x12308,-10,390x844,390x14146,0,1,5,73,4,Domaine|aBCFavorit|CommitMono|Inter,"rgb(0,0,0)",2026-10-08 whole-site: 1014 HTTP 200 + /shop HTTP 404; docs nested scroll; 11 sitemap families
rockstar-vi,0,1440x900,1440x11870,0,390x844,390x10578,0,3,2,33,10,ArtDeco family,"rgb(12,13,27)",campaign has no sitemap; canvas/media-led
tokenmeter,0,1440x900,1425x2502,-15,495x1072,495x2705,0,0,0,0,9,Archivo Variable|JetBrains Mono Variable,"rgb(251,250,247)",Astro v7.0.7 live; sitemap endpoint 200 without loc entries
novaos,23,1440x900,1425x7548,-15,390x844,390x10531,0,0,0,82,3,DM Sans Variable|Geist,"rgb(247,247,247)",Framer 95da0c7; Lenis live
powder,21,1440x900,1425x17595,-15,390x844,390x19129,0,0,0,27,8,Inter|Inter Display|Inter Variable,black,Framer a050651; Lenis live
nudge-folio,19,1440x900,1425x7856,-15,390x844,390x6053,0,0,0,16,13,Flux Variable|Inter Display|DM Mono,white,Framer bc64f0a; GSAP + Lenis live
orbai,8,1440x900,1425x12605,-15,390x844,390x17491,0,0,2,35,4,Inter|Satoshi,"rgb(245,245,245)",Framer 3db8496; media-led light service site
nexira,28,1440x900,1425x10805,-15,390x844,390x15783,0,0,0,56,12,Oswald|Inter,"rgb(34,34,34)",Framer b8d5a97; still-art cinematic system
ten-billion-years,0,1440x900,1440x9261,0,390x844,390x8685,0,1,0,0,6,Instrument Serif|Inter|JetBrains Mono,"rgb(4,5,11)",single-route 9-section live canvas experience
voxai,36,1440x900,1425x14491,-15,390x844,390x22451,0,1,3,113,9,Cal Sans|Inter Display|Inter|Poppins,"rgb(3,0,20)","Framer a050651; mobile canvas removed, video reduced"
tobi-mallory,30 declared (29 HTTP 200 + listed /404 HTTP 404) on two hosts; canonical drift 30/30,1440x900,1440x13742,0,390x844,390x13716,0,0,0,11,2,Bricolage Grotesque|Space Mono,#FFF6E8,2026-10-08 whole 30 route dual-host census; 30 representative Chrome render states; source 404 is sitemap-listed; 3 Quest CTAs lose service select for 2 roles
indiex,2,1440x900,1425x11401,-15,390x844,390x17793,0,0,2,141,3,Oswald|Inter|Inter Display,"rgb(11,18,29)",Framer befeeaf; 2-route one-page game-studio template; desktop sticky game selector; mobile releases sticky and settled motion
echoes-of-mars,1,1440x900,1425x18690,-15,390x844,390x17608,0,0,0,47,2,Saira Variable|Datatype Variable,"rgb(11,10,9)",Framer c9b3949; one-route cinematic game campaign; fixed nav + sticky world viewport; desktop horizontal survey becomes vertical mobile flow; editorbar excluded
refokus-tools,19,1440x900,1425x5488,-15,390x844,390x4703,0,0,3,98,3,Manrope|Consolas|IBM Plex Mono,"rgb(28,28,28)",companion tool library: home + styleguide + 17 tool docs; fixed nav/transition plus sticky context/filter band
battlez,75 (single sitemap; 74 200 + /404 404),1440x900,1425x8321,-15,390x844,390x9441,0,0,2,32,2,Inter|Bricolage Grotesque|DM Sans,#060914,2026-10-08 whole-site 75 routes: 53 product details 4 game categories 6 articles; 75 common title; cross-vertical store fixtures
nouva,8 HTTP 200 + 1 footer linked /404 HTTP 404,1920x889,1905x11075,-15,390x844,390x15559,0,0,0,22,7,Onest|Inter loaded,#080C12,"2026-10-08 full eight route audit; FrameAuth email/otp/account forms, contact-first pricing CTA, scroll-revealed marketing metrics"
fizens,43 HTTP 200 + four extra 404,1440x900,1440x14316,0,390x844,390x19177,0,0,0,98,7,Poppins|Geist|Instrument Sans|Inter loaded,#FFFFFF,2026-10-08 census 43; 17 desktop and 15 mobile rendered states; about 4 videos; 21 generic SEO titles and all 4 careers share H1
bridgemind,143 www + 10 docs companion,1440x900,1440x13284,0,390x844,390x13459,0,2,0,65,see 2026-10-09 rendered ledger,Sora|Inter; docs Inter,"rgb(13,14,17)",2026-10-09: 153 declared sitemap routes 200; 46 Chromium rendered samples; public-HTML route replay
arpeggio,22 official + linked 404 + seven extra 404 probes,1440x900,1440x21722,0,390x844,390x25809,0,0,2,115,11,Inter Display,"rgb(255,255,255)",2026-10-09 audit; 22/22 sitemap HTTP 200; 46 dual-view rendered; many mobile DOM media nodes may be Framer duplicated content not downloaded media
