recipe_id,name,sites,archetype,job,mechanism,reduced_motion
focus-motion,Motion as Focus,refokus,creative-agency,Move the focal object or section transition; keep reading surfaces calmer,transform/opacity; bounded canvas/media; section-owned choreography,Reduced motion keeps composition and content; remove nonessential drift
bounded-immersive,Bounded Immersive Stage,refokus,creative-agency,Mount high-cost immersive work only inside signature section,lazy mount; pause offscreen; clear entry/exit,Static or lightweight branded fallback
developer-proof-transition,Developer Proof Transition,resend,developer-product,Animate code/product state change to explain capability,short state transition; cursor/event/output progression,Show final state without motion
campaign-media-reveal,Cinematic Media Reveal,rockstar-vi,cinematic-launch,Use full-bleed media reveal for major world chapters,poster -> user playback; chapter crossfade/scale,Poster and copy remain complete without playback
campaign-chapter-reset,Cinematic Chapter Reset,rockstar-vi,cinematic-launch,Use contrast between moving and still chapters to reset attention,quiet -> media -> quiet rhythm,Remove decorative interstitial motion
dense-ui-feedback,Low-Motion Dense Feedback,tokenmeter,data-directory,Dense data surfaces need stable scanning,hover/focus/selection/filter feedback only,No decorative motion required
smooth-scroll-lifecycle,Smooth Scroll Lifecycle,novaos,enterprise-ai,Long marketing story uses smooth scroll as feel layer,single engine; coordinate modal/scroll lock; stop when hidden,Native scrolling under reduced motion
sticky-capability-state,Sticky Capability State Change,powder,agent-saas,Stable proof shell changes state as capability copy advances,sticky stage + bounded state transition,Release sticky and stack states on mobile/reduced contexts
sticky-faq-rail,Sticky Local Rail,powder|nudge-folio,generic,Keep local category/context visible through long section,sticky rail with active state; independent from global nav,Normal flow/accordion on narrow screens
portfolio-stage-hold,Portfolio Stage Hold,nudge-folio,portfolio-editorial,Hold project visual/context while narrative advances,sticky project media or chapter; GSAP/Lenis optional,Stack media before text with no pinning
playground-drag,Bounded Drag Playground,nudge-folio,portfolio-editorial,Use drag/cursor interaction as optional expressive play,Draggable within viewport boundary; inertia only when safe,Static collage with identical content
ambient-loop-zone,Ambient Media Loop Zone,orbai,ai-service,Add polish in limited identity zones,muted loop video in hero/footer; lazy loading,Still image with same crop/contrast
game-still-parallax,Lightweight Cinematic Still Motion,nexira,game-studio,Give still artwork depth without 3D renderer,subtle scale/crop/parallax; HUD transition; sticky deck,Static authored crop keeps world identity
weighted-scroll-timeline,Weighted Scroll Timeline,ten-billion-years,immersive-scroll-world,Narrative beats deserve unequal dwell,chapter weights -> normalized bounds -> hold/transform windows,Linear chapter advance with no decorative interpolation
event-peak,Sparse Event Peak,ten-billion-years,immersive-scroll-world,Reserve high-energy events for major story thresholds,flash/FOV/bloom/shock/audio synchronized to central progress,Skip peak FX; retain semantic chapter change
pointer-world-response,Pointer World Response,ten-billion-years,immersive-scroll-world,Pointer should affect material/world relationship,smoothed pointer -> camera/world-space force; tap shock separated from drag,Disable pointer force and keep scroll story
operational-micro-animation,Operational Micro-Scene Animation,voxai,ai-saas-ecosystem,Automation claims need visible causal sequence,status change -> handoff -> output; short loop or step state,Static before/after or numbered sequence
ticker-carousel-support,Ticker/Carousel as Support,voxai|refokus,generic,Logo/news/project streams can support rhythm without becoming core proof,slow bounded ticker/carousel with controls where needed,Static grid/list preserves access and content
illustrated-scroll-world,Lightweight Illustrated Scroll World,tobi-mallory,whimsical-world-portfolio,make a portfolio world feel alive without continuous canvas rendering,"DOM/illustration entrances, bounded scroll-linked transforms, category state changes and final static poses",show final illustration/state directly and remove walk/float/continuous drift
collection-card-flip,Collection Card Flip,tobi-mallory,whimsical-world-portfolio,reward project exploration while keeping the collection scannable,front/back card state on hover/focus/tap with direct link to detail,instant state change or always-visible critical metadata; no 3D flip required
poster-first-media-reset,Poster-First Media Reset,indiex,game-studio,reset visual rhythm with cinematic media without requiring active playback,poster/still owns first paint; video deferred with preload none; playback explicit if meaningful,retain poster and copy; no playback required
pinned-horizontal-sector-survey,Pinned Horizontal Sector Survey,echoes-of-mars,cinematic-game,turn vertical progress into a bounded spatial survey without losing narrative context,single sticky viewport + wide horizontal track + explicit start/end + summary; supporting local reveals remain restrained,"render the sector sequence as static/vertical content with all names, coordinates and descriptions preserved"
sticky-thesis-release,Sticky Thesis Hero -> Flow,refokus,creative-agency,give desktop service/audience openings spatial emphasis without trapping mobile,tall sticky thesis hero on wide screens; content scrolls into supporting narrative,normal-flow hero with identical message and proof order
release-sticky-date-rail,Sticky Release Date Rail,resend,developer-product,orient readers in a high-volume chronological changelog,dates and small markers stick as users pass stacked update entries,stable chronological sections and static labeled dates
nouva-counter-viewport-reveal,Viewport-Triggered SaaS Proof Counter,nouva,dark-ai-productivity-saas,transition numerical proof when supporting context enters view,Framer scroll region triggers counter from 0%/0.0x placeholders toward final figures and may render duplicate animated nodes,render final verified value and label immediately without number rolling or duplicated screen-reader announcements
bridgemind-mode-panel-change,Operational Mode Panel Swap,bridgemind,developer-agent-workspace,illustrate three modes without losing app context,Agent and Thread buttons change read-only simulated pane and copy; precise easing unmeasured,instant semantic panel updates; no autoplay needed
arpeggio-editorial-stage-motion,Bounded Editorial Media Stage,arpeggio,editorial-agency-membership,give agency identity a strong first impression without permanent animation,site features reel video and image-led long-form editorial sections; exact scroll timeline and easing were not independently measured,poster/static image plus meaningful text and CTA
arpeggio-project-hover-context,Project Preview as Context Reveal,arpeggio,editorial-agency-membership,associate rich project imagery with identity/discipline before entering case,hover-capable portfolio visuals combined with permanent project links and metadata; precise pointer animation not tested,make project identity/action visible without hover or animation
spector-carousel-scene,Accessible 3D Sector Carousel,spector,experimental-editorial-agency,show six client/industry stories in a rich motion surface,browser exposes 3D Carousel item-of-six semantics plus Previous/Next and arrow-key instructions; click did not conclusively prove current item changed,flat ordered client list; keyboard/touch controls
spector-media-showreel,Editorial Motion Showreel Boundary,spector,experimental-editorial-agency,reinforce studio work without looping video taking over navigation,"homepage showreel and one video node desktop, supported by framed stills and CTA; exact scroll easing not measured",static poster with readable captions and related cases
spector-recognition-counter,Numeric Agency Recognition Strip,spector,experimental-editorial-agency,punctuate brand claim with short motion and dated achievement context,homepage and about counters display rolling digits; source award metrics not independently authenticated,show final meaningful source-attributed numbers without animation
