url,sitemap_declared,http_status,page_title,canonical,server_h1_count,response_bytes
https://nouva-template.framer.website/,true,200,Nouva â AI Content Template for Framer,https://nouva-template.framer.website/,1,606136
https://nouva-template.framer.website/contact,true,200,Nouva â AI Content Template for Framer,https://nouva-template.framer.website/contact,1,256801
https://nouva-template.framer.website/sign-up,true,200,Sign Up,https://nouva-template.framer.website/sign-up,1,200660
https://nouva-template.framer.website/sign-in,true,200,Sign In,https://nouva-template.framer.website/sign-in,1,200698
https://nouva-template.framer.website/otp,true,200,OTP,https://nouva-template.framer.website/otp,1,200437
https://nouva-template.framer.website/account,true,200,Account,https://nouva-template.framer.website/account,1,203709
https://nouva-template.framer.website/legal/terms-of-service,true,200,Terms of Service - Nouva,https://nouva-template.framer.website/legal/terms-of-service,2,222753
https://nouva-template.framer.website/legal/privacy-policy,true,200,Privacy Policy - Nouva,https://nouva-template.framer.website/legal/privacy-policy,2,225185
https://nouva-template.framer.website/404,false,404,Nouva â AI Content Template for Framer,https://nouva-template.framer.website/404,1,196872
