pattern_id,name,domain,archetype,sites,applies_when,recipe,avoid,implementation,evidence
refokus-signature-stage,One Signature Stage,layout,creative-agency,refokus,one memorable spatial moment is needed,Choose one dominant brand/world stage; keep surrounding sections calmer,Every section equally theatrical,Bounded canvas/media or stage with clear entry/exit,high
refokus-bounded-immersive,Bounded Immersive Rendering,media,creative-agency,refokus,immersive rendering adds identity,Confine high-cost rendering to the section where it creates meaning,Full-page WebGL by default,Lazy mount; pause offscreen; static fallback,high
refokus-motion-focus,Motion as Focus,motion,creative-agency,refokus,motion should direct editorial attention,"Move the focal object/transition, not every surface",Ambient movement competing with reading,Assign one motion owner per section,high
refokus-responsive-brand-payload,Responsive Brand Payload,responsive,creative-agency,refokus,brand expression must survive device changes,Preserve identity-bearing visual/type cue while simplifying mechanics,Desktop composition merely shrunk,Separate brand payload from desktop geometry,high
refokus-proof-before-fireworks,Proof Before Fireworks,proof,creative-agency,refokus,agency credibility must precede spectacle,Show named work/outcomes/process before or alongside spectacle,Pure showreel without evidence,Anchor theatrical sections to project proof,medium
refokus-editorial-case,Editorial Case Story,route-system,creative-agency,refokus,case studies need narrative rhythm,Large media + decisive text beats + process/outcome sequencing,Uniform card-grid case pages,Treat each case as authored editorial sequence,high
refokus-type-contrast,Editorial Type Contrast,typography,creative-agency,refokus,agency needs personality without harming utility,Expressive display role + quieter grotesk body role,Display type for all long copy,Limit expressive face to identity moments,medium
resend-product-evidence,Product Evidence Before Feature Claims,proof,developer-product,resend,technical audiences distrust vague marketing,"Show code/product behavior early, then explain benefits",Feature adjectives before evidence,Use plausible code/UI/events before claims,high
resend-code-proof,Code as Product Proof,proof,developer-product,resend,API ergonomics are differentiation,"Let code communicate naming, brevity, mental model",Decorative implausible code,Use truthful syntax/API shapes,high
resend-dev-hero,Developer Hero Split,layout,developer-product,resend,hero must balance identity and implementation confidence,Editorial headline paired with immediate product/code evidence,Generic SaaS hero with no technical signal,Keep CTA adjacent to implementation proof,high
resend-responsive-fidelity,Responsive Fidelity Substitution,responsive,developer-product,resend,desktop technical proof is too wide on mobile,Replace wide proof with narrower truthful representation,Crushing code/UI until unreadable,"Substitute mechanism, preserve claim",high
resend-dark-precision,Dark Precision Shell,layout,developer-product,resend,dark developer product needs hierarchy,"Near-black shell, crisp borders, sparse surfaces, strong type",Nested translucent cards,Let content/code carry visual weight,medium
resend-modular-proof,Modular Product Proof,proof,developer-product,resend,many features need repeated evidence,Give each capability one fitting proof surface,Same dashboard mockup for every feature,Match proof format to feature semantics,high
resend-editorial-dev-type,Editorial + Technical Type Roles,typography,developer-product,resend,developer identity benefits from emotional + technical roles,Editorial display for brand; neutral/mono for product detail,Mono everywhere,Separate brand emotion from implementation readability,medium
rockstar-aspect-art,Aspect-Ratio Art Direction,responsive,cinematic-launch,rockstar-vi,campaign artwork changes across viewport shapes,Select portrait/landscape/ultrawide crop or asset by aspect ratio,One center-crop image everywhere,Author focal points and responsive media variants,high
rockstar-world-chapters,World-Led Campaign Chapters,route-system,cinematic-launch,rockstar-vi,campaign needs a journey through world/story,"Assign one job to hero, trailer, story, world, exploration, news, outro",Feature-grid campaign page,Sequence chapters as world reveal,high
rockstar-trailer-proof,Trailer as User-Invoked Proof,proof,cinematic-launch,rockstar-vi,video is strongest but expensive proof,Prominent user-invoked trailer with strong poster,Long autoplay video as sole proof,Poster first; load playback on intent,high
rockstar-back-of-box,Back-of-Box Chapter,layout,cinematic-launch,rockstar-vi,campaign needs concise final summary,Compact premise/platform/date/action chapter near conversion,Repeating entire page at bottom,Summarize decision-critical info only,medium
rockstar-media-cost-ladder,Media Cost Ladder,performance,cinematic-launch,rockstar-vi,cinematic pages need graduated media cost,Still -> light motion -> bounded video -> renderer only when earned,Default to heaviest renderer,Escalate only when each tier improves story,high
rockstar-world-payload,Responsive World Payload,responsive,cinematic-launch,rockstar-vi,mobile must retain world identity,Preserve logo/key art/one world cue; reduce layers/video cost,Generic text-only mobile fallback,Define minimum world payload per breakpoint,high
rockstar-chapter-contrast,Cinematic Chapter Contrast,layout,cinematic-launch,rockstar-vi,long campaign needs rhythm,"Alternate full-bleed art, restrained copy, media, breathing space",Repeated same section geometry,Use chapter contrast to reset attention,medium
token-confidence-ui,Confidence as Interface,proof,data-directory,tokenmeter,data is uncertain/freshness-sensitive,"Expose confidence, provenance, freshness, methodology near data",Caveats hidden in footer,Attach evidence metadata to qualified values,high
token-density-ladder,Route-Family Density Ladder,route-system,data-directory,tokenmeter|voxai,same dataset serves summary/browse/compare/detail,Use low/medium/high/one-record density by route job,Same density template everywhere,Define information density per route family,high
token-contained-horizontal,"Contain Horizontal Density, Don?t Crush It",responsive,data-directory,tokenmeter,comparison tables cannot stay readable by shrinking,Allow internal horizontal overflow in bounded comparison surface,Whole-document horizontal scroll,Own overflow at component boundary,high
token-human-machine-parity,Human + Machine Surface Parity,qa,data-directory,tokenmeter,technical directory exposes machine surfaces,Align sitemap/metadata/route names/caveats with UI,Human and machine scope disagreement,"Cross-check sitemap, metadata, methodology",high
token-methodology-adjacent,Methodology Adjacent to Data,proof,data-directory,tokenmeter,comparison claims need method context,Link methodology/confidence directly from compare/detail surfaces,Methodology isolated from data decisions,Put short method cues near claims,high
token-data-type-roles,Data Typography Roles,typography,data-directory,tokenmeter,dense reference UI needs semantic roles,Strong sans hierarchy + mono identifiers/measurements,Mono for all body copy,Reserve mono for scan-critical data,medium
token-detail-record,One-Record Detail Surface,route-system,data-directory,tokenmeter,users need deep evaluation of one item,"Promote one record with evidence, caveats, alternatives",Detail page repeats directory row only,Expand context/update state/related comparison,high
token-low-motion-density,Low-Motion Dense UI,motion,data-directory,tokenmeter,dense data work benefits from stability,Motion only for state/feedback; scanning surfaces stay still,Scroll reveal on every row,Prefer short feedback to decorative choreography,high
nova-operational-pipeline,Operational Pipeline Storytelling,proof,enterprise-ai,novaos|voxai,AI/orchestration value is causal workflow,Show engine/model -> context -> agent/workspace -> tools -> action/output,Abstract AI orb + generic benefit copy,Visualize stages and handoffs with truthful outputs,high
nova-proof-crop,Proof Surface Cropping,responsive,enterprise-ai,novaos,desktop UI proof is wider than mobile,Keep readable UI scale and crop inside bounded viewport,Scaling product screenshot until text is illegible,Crop/scroll proof internally while outer document stays stable,high
nova-route-credibility,Credibility Through Route Ecosystem,route-system,enterprise-ai,novaos|voxai,enterprise trust spans multiple concerns,"Use integrations, pricing, company, content, legal/security, careers, contact/demo, FAQ as trust satellites",Stuffing every trust claim on home,Give each trust job a dedicated route family,high
nova-model-context-action,Model Context Action Grammar,proof,enterprise-ai,novaos,AI product promise depends on context and execution,Explain engine/model + business context + action + observable result,Chat transcript as sole proof,Show where context comes from and what changes after action,high
nova-light-enterprise,Light Enterprise Calm,layout,enterprise-ai,novaos,enterprise AI needs confidence more than spectacle,"Light neutral shell, disciplined spacing, clear product proof",Over-glowed futuristic AI styling,Let operational evidence create sophistication,medium
nova-trust-route-separation,Trust Satellite Separation,route-system,enterprise-ai,novaos,careers/legal/company/demo have different jobs,Keep commercial core concise while satellites answer specific trust questions,Duplicating full landing page into every route,Shared shell with route-specific density,high
nova-lenis-discipline,Smooth Scroll Lifecycle Discipline,motion,enterprise-ai,novaos,smooth scrolling is used in long marketing pages,Coordinate smooth-scroll lifecycle with reduced motion and scroll locks,Global smooth scroll ignoring modals/accessibility,Stop/start engine around locks and preferences,medium
powder-conversation-action,Conversation-to-Action Proof,proof,agent-saas,powder,AI agent differentiates by execution,intent/question -> contextual answer -> source/trust -> artifact/action -> next state,Chat bubble screenshot as end state,Show action and resulting operational state truthfully,high
powder-sticky-capability,Sticky Capability Stack,layout,agent-saas,powder,capability chapters share stable proof shell,Use desktop sticky proof stage with chapter changes and sufficient scroll distance,Multiple unrelated sticky elements fighting for viewport,One sticky owner; release or simplify on narrow screens,high
powder-template-quarantine,Template Residue Quarantine,qa,agent-saas,powder|voxai,template/demo routes contain residue,Include artifacts in coverage but exclude vendor/editor/placeholder identity from core DNA,Treating every routable artifact as product truth,Classify route role before promoting patterns,high
powder-route-grammar,Agent SaaS Route Grammar,route-system,agent-saas,powder,agent product needs product + trust + content surfaces,Home/product proof + pricing + changelog + content + legal + conversion,Home-only agent marketing,Distribute trust and product learning across routes,medium
powder-chat-to-artifact,Chat-to-Artifact Continuity,proof,agent-saas,powder,agent should produce something inspectable,Keep question/context and generated artifact/action in one visual chain,Detached mockups with no causal link,Use one information model across question and output,high
powder-mobile-release,Release Sticky Geometry on Mobile,responsive,agent-saas,powder,wide sticky proof stages become oppressive on mobile,Preserve narrative order but return panels to normal flow when needed,Forcing desktop sticky stage on narrow viewport,"Decide sticky by reading job, not desktop parity",high
powder-muted-mono,Muted Mono Utility Role,typography,agent-saas,powder,technical labels need subtle differentiation,Use compact mono/utility role sparingly inside human SaaS typography,Turning whole site into terminal cosplay,Reserve utility role for labels/metadata,medium
nudge-reflective-case,Reflective Case Study Arc,proof,portfolio-editorial,nudge-folio,portfolio needs credible process reflection,problem -> intervention -> result -> constraints/tradeoffs -> what changes next -> learning,Only polished outcome gallery,"Include decisions and limits, not just finals",high
nudge-context-rail,Persistent Context Rail,navigation,portfolio-editorial,nudge-folio,long case/editorial route needs orientation,Sticky local nav/metadata rail on wide screens; release for mobile reading,Sticky rail consuming narrow viewport,Keep rail contextual and secondary,high
nudge-playground-isolation,Experimental Surface Isolation,interaction,portfolio-editorial,nudge-folio,high-risk drag/cursor/collage interaction expresses personality,Isolate experimental interaction in bounded playground/route,Inject novelty into every case/contact page,Create a safe experimental zone with clear escape,high
nudge-sticky-portfolio,Sticky Portfolio Stages,layout,portfolio-editorial,nudge-folio,project sequence benefits from staged attention,Pin/hold project media or identity while narrative changes,Sticky every card,Use stickiness only for stage-like project chapters,medium
nudge-expressive-type,Expressive Multi-Role Typography,typography,portfolio-editorial,nudge-folio,portfolio identity benefits from contrast,Bold display + mono + occasional handwritten accent with strict roles,Multiple novelty fonts in body copy,Assign every typeface one job,high
nudge-drag-boundary,Drag Interaction Boundary,interaction,portfolio-editorial,nudge-folio,drag surface is intentional play,Keep draggable objects inside viewport-locked playground and preserve normal controls,Dragging required for core navigation,Separate play interaction from task interaction,medium
nudge-mobile-decompress,Mobile Editorial Decompression,responsive,portfolio-editorial,nudge-folio,desktop overlaps and sticky rails need simplification,"Stack projects, reduce giant type, release rails, preserve one personality cue",Preserving exact desktop collage geometry,Restore reading flow while keeping identity,high
orbai-commercial-core,Commercial Core + Trust Satellites,route-system,ai-service,orbai|voxai,focused B2B/service offering can live mostly on one commercial page,Keep benefits/features/services/process/proof/pricing/FAQ on core page; move contact/privacy/changelog to satellites,Creating many thin marketing routes,Split only where user job changes,high
orbai-pricing-bridge,Pricing-to-Comparison Bridge,proof,ai-service,orbai,pricing needs defensible differentiation after plans,Place comparison/evidence directly after packages,Vague Us vs Others superiority table,Compare verifiable dimensions only,high
orbai-service-process,Numbered Service Process,proof,ai-service,orbai,service buyers need engagement clarity,Short numbered process with outputs and decision points,Decorative 01/02/03 with no progression,Each step states action and deliverable,medium
orbai-ambient-media,Ambient Media Boundaries,media,ai-service,orbai,video can add polish to light service site,Bound ambient media to hero/footer/signature zones,Autoplay backgrounds everywhere,Limit media to zones with identity payoff,medium
orbai-light-service-shell,Light Service Shell,layout,ai-service,orbai,service/agency AI site needs clarity,"Light neutral canvas, restrained accent, generous rhythm, direct sections",Generic purple gradient SaaS,Let service process/proof differentiate,medium
orbai-mobile-longform,Mobile Long-Form Expansion,responsive,ai-service,orbai,desktop horizontal sections become tall mobile flow,Stack content and accept taller document while preserving CTA order,Compressing sections to desktop-like height,"Optimize reading order, not page length",high
nexira-cinematic-light,Cinematic Without Heavy Rendering,media,game-studio,nexira,game/studio identity can be achieved without live 3D,"Strong still art, authored crop, condensed type, HUD metadata, sticky sequencing, lightweight motion",Adding WebGL because gaming equals 3D,Escalate renderer only when world state needs it,high
nexira-capability-case,Capability-to-Case Pairing,route-system,game-studio,nexira,studio sells capabilities and must prove delivery,Service/capability routes answer what; case/project routes answer how/proof,Mixing service claims and fake cases into one card type,Cross-link capability to real project evidence,high
nexira-game-studio-boundary,Game Studio Routing Boundary,qa,game-studio,nexira,distinguish studio marketing from single-game launch,Studio/company as product -> game-studio; franchise launch -> cinematic launch,Using launch grammar for outsourcing site,Choose route grammar by what is marketed,high
nexira-still-art-crop,Authored Still-Art Crop,responsive,game-studio,nexira,hero/project art carries world identity,Author desktop/mobile focal crop instead of generic cover center,Same crop at all ratios,Store focal point/variant metadata with art,high
nexira-sticky-project-deck,Sticky Project Deck,layout,game-studio,nexira,case/project cards can behave like cinematic chapters,Use full-stage sticky project cards when each remains readable,Tiny stacked cards pinned on mobile,Retain sticky only for complete readable stages,high
nexira-hud-restraint,HUD Metadata Restraint,typography,game-studio,nexira,game visual language benefits from instrumentation cues,Use brackets/ticks/mono labels as secondary metadata,HUD chrome overwhelming content,"Hierarchy: art/title/action first, HUD second",high
nexira-mobile-sticky-job,Job-Based Sticky Decision,responsive,game-studio,nexira,some sticky systems survive mobile and others should not,Keep sticky if it remains a readable story stage; release if it blocks long-form reading,Blanket keep/remove sticky by breakpoint,Evaluate sticky by user job and occupancy,high
cosmos-prompt-compile,Prompt-to-Experience Compile Contract,interaction,immersive-scroll-world,ten-billion-years,ambitious prompt names beats but not architecture,"Compile narrative beats, world mechanics, input roles, payoff, performance, fallback before coding",Literal effect pile from prompt nouns,Create explicit state/config contract first,high
cosmos-parameter-matrix,Narrative Parameter Matrix,interaction,immersive-scroll-world,ten-billion-years,multiple subsystems must express one story state,"Per chapter coordinate copy, palette, world state, camera, FX, HUD, audio",Independent subsystems drifting,Use one authored state object/matrix,high
cosmos-event-peaks,Event Peaks on Continuous Timeline,motion,immersive-scroll-world,ten-billion-years,continuous scrollytelling needs punctuation,Keep most state reversible/continuous; reserve sparse ignition/impact/explosion/reveal events,Constant high-energy effects,Trigger peaks from same progress domain,high
cosmos-weighted-timeline,Weighted Narrative Timeline,motion,immersive-scroll-world,ten-billion-years,story beats deserve unequal dwell,Assign chapter weights -> normalized bounds -> local progress -> hold/transform windows,Equal 100vh for every chapter,Tune dwell by narrative importance/readability,high
cosmos-shared-progress,Shared Progress Bus,interaction,immersive-scroll-world,ten-billion-years,"renderer, DOM, HUD and audio must stay synchronized","One authoritative progress drives world, camera, text, nav, FX and audio",Separate scroll listeners for each subsystem,Expose one story progress plus secondary velocity,high
cosmos-one-world,"One World, Analytic States",performance,immersive-scroll-world,ten-billion-years,many chapters share a procedural physical basis,Reuse one structural world basis and synthesize stages analytically,Full duplicate scene per chapter,Use shared buffers/attributes + stage uniforms,high
cosmos-two-layer,Two-Layer Renderer,media,immersive-scroll-world,ten-billion-years,atmosphere and semantic foreground have different costs,Separate cheap fullscreen atmosphere from foreground world,One heavy geometry system for all layers,Assign atmosphere and semantic geometry to distinct layers,high
cosmos-adaptive-budget,Adaptive Renderer Budget,performance,immersive-scroll-world,ten-billion-years,GPU quality must degrade without losing story,Cap DPR/detail then adapt DPR/effect quality at runtime,Fixed max quality on every device,Reduce resolution/particles/FX before semantic content,high
cosmos-procedural-score,Procedural Score as State Layer,media,immersive-scroll-world,ten-billion-years,sound materially reinforces narrative,Opt-in audio bed with chapter mix targets and sparse semantic cues,Autoplay soundtrack required for comprehension,Keep silence path and mute control,high
cosmos-payoff-first,"Payoff First, Coda Second",layout,immersive-scroll-world,ten-billion-years,final emotional frame needs isolation,"Land payoff first, reveal replay/explanation later",CTA/share/footer competing with climax,Delay utility UI until after payoff dwell,high
vox-integration-proof,Integration Detail as Implementation Proof,proof,ai-saas-ecosystem,voxai,integration claim needs more than logo availability,identity/job -> capabilities -> installation -> setup metadata -> action -> fallback -> related integrations,Logo wall as sole integration proof,Use connector-specific instructions and operational metadata,high
vox-binding-integrity,Route-Family Binding Integrity,qa,ai-saas-ecosystem,voxai,dynamic routes can bind wrong CMS records,Verify slug/canonical/title/H1/summary/media/metadata/body/metrics/CTA resolve to same record,Checking one representative route only,Scan complete family and compare server/hydrated identity,high
vox-operational-scenes,Operational Micro-Scenes,proof,ai-saas-ecosystem,voxai,automation benefits are easier as short workflows,"Show task chains, statuses, handoffs and outputs",Abstract AI feature icon grid,Use realistic micro UI with clear causality,high
vox-integration-taxonomy,Taxonomy-Led Integration Discovery,route-system,ai-saas-ecosystem,voxai,large integration catalog needs task/category navigation,Group by telephony/payment/CRM/automation/analytics before detail,Undifferentiated logo wall,Make categories reflect user jobs,high
vox-duplicate-canary,Duplicate-Content Canary,qa,ai-saas-ecosystem,voxai,CMS/template residue can silently spread,Normalize hero/body across family and flag unexpected near-duplicates,Assuming unique slugs imply unique content,Automate similarity/identity checks,high
vox-mobile-media-sub,Desktop Media -> Mobile Semantic Substitute,responsive,ai-saas-ecosystem,voxai,desktop video/canvas can overwhelm mobile,Remove/reduce media while keeping claim/proof/order,Keeping all desktop media at mobile cost,Substitute lighter still/UI/text proof,high
vox-commercial-satellites,Commercial Core + Proof Satellites,route-system,ai-saas-ecosystem,voxai,large SaaS ecosystem has product/integration/case/content/legal jobs,Dense home + focused pricing/integration/case/blog/contact/legal routes,Every route repeating home sections,Give each family its own density/proof role,high
vox-route-family-qa,Full-Family QA Before Launch,qa,ai-saas-ecosystem,voxai,template CMS leaves copy/copy-copy routes and placeholders,Inventory every public route; quarantine/delete residue; validate legal variables,Publishing template leftovers,Treat sitemap/search index as release checklist,high
tobi-world-metaphor-ia,World Metaphor as Information Architecture,route-system,whimsical-world-portfolio,tobi-mallory,a portfolio or creative catalog benefits from one memorable world vocabulary,"map each world term to one stable real content job across navigation, index, detail, CTA and utility routes",invented lore that renames ordinary pages without improving memory or navigation,write world term -> real job -> visible cue -> conventional/accessibility fallback before styling,high
tobi-taxonomy-physics,Taxonomy as Visual Physics,layout,whimsical-world-portfolio,tobi-mallory,"stable categories should be recognizable across collection, detail, map and related content","let category identity control bounded variables such as accent, badge, illustration family, local tint and map position",color-only categories or unrelated mini-sites,keep semantic category names visible and lock category-to-visual mapping site-wide,high
tobi-mnemonic-case,Mnemonic Case-Study Encoding,proof,whimsical-world-portfolio,tobi-mallory,portfolio projects need stronger recall without losing professional evidence,"combine mnemonic name/object/creature + optional number + category with client, year, scope, brief, intervention and result",cute project names replacing actual client/work/outcome,layer mnemonic identity on top of conventional searchable case-study metadata,high
tobi-metaphor-translation,Metaphor Translation Contract,qa,whimsical-world-portfolio,tobi-mallory,"navigation, services or CTAs use playful/diegetic language","for every world term define the real job, visible cue and accessible/conventional fallback",requiring first-time visitors to learn lore before acting,"verify URLs, headings, subtitles, metadata, form labels and accessible names expose the real task",high
tobi-project-evolution,Project Evolution as Relationship Proof,proof,whimsical-world-portfolio,tobi-mallory,a later engagement genuinely grows from earlier work for the same client/product,original engagement -> changed need -> expanded problem -> evolved system -> new observable outcome,manufacturing lineage between unrelated projects,"cross-link related case entries and state what was retained, expanded and measured",high
tobi-light-worldbuilding,Illustrated Worldbuilding Without Heavy Rendering,media,whimsical-world-portfolio,tobi-mallory,a playful world needs identity but continuous 3D would add cost without user value,"use illustration, naming, collection grammar, category color, DOM motion and map/quest metaphors to create world continuity",adding WebGL merely because the experience feels game-adjacent,prefer DOM/Framer/CSS choreography and static illustrated final states with reduced-motion support,high
tobi-service-quests,Service Packaging as Quests,route-system,whimsical-world-portfolio,tobi-mallory,a creative service business has a few productized engagements with clear scope,themed service identity + plain outcome + price/range + duration + deliverables + conventional CTA,quest naming that hides what is sold or how long/costly it is,keep playful title while exposing commercial details above the fold on detail routes,high
tobi-collection-loop,Collection Completion Loop,interaction,whimsical-world-portfolio,tobi-mallory,a small portfolio/catalog benefits from visitors wanting to browse the complete set,"number or type records, expose related entries and a collection index, and make collection coverage legible",fake gamification that pressures users or blocks free navigation,make every entry independently useful and let the collection layer encourage rather than require completion,medium
indiex-one-page-studio-spine,One-Page Studio Conversion Spine,layout,game-studio,indiex,a compact studio has enough proof for one persuasive route but not deep route families,identity -> credibility -> capabilities -> game proof -> world art -> testimonials -> FAQ -> team -> contact -> final trust,forcing one page when service/case SEO or deep proof needs dedicated routes,anchor navigation + clear section jobs + one conversion spine,high
indiex-sticky-game-selector,Sticky Game Selector,interaction,game-studio,indiex,a small project/game set benefits from stable comparison navigation,sticky selector rail + one stable proof region + meaningful selected game state,focusable DIV pseudo-tabs without role/state semantics,buttons/tabs; explicit selected state; keyboard behavior; release sticky on narrow screens,high
indiex-poster-first-interlude,Poster-First Media Interlude,media,game-studio,indiex,a visual reset benefits from video but motion is not required for comprehension,authored poster/still first -> deferred video bytes -> optional explicit playback,hidden/no-control video as essential proof,preload none; poster retains meaning; visible play/pause/mute if playback matters,high
indiex-late-funnel-sequence,Proof -> Objection -> People -> Contact,proof,game-studio,indiex,"service buyers need social proof, objection handling and team confidence before lead capture",testimonials -> FAQ -> team -> contact form,placeholder testimonials/FAQ/team content,make every proof item truthful; semantic accordion; real form submission,high
indiex-anchor-commercial-core,Anchor-Driven Commercial Core,navigation,game-studio,indiex,one long route contains distinct commercial jobs,"header anchors map directly to about, services, games and contact; secondary anchors expose FAQ/team/testimonials",anchor labels that do not map to clear user jobs,stable IDs; scroll-margin for fixed header; current-section feedback only when useful,high
indiex-content-integrity-firewall,Template Residue Firewall,qa,game-studio,indiex,a template is visually coherent but may contain stale identity/content bindings,"verify one identity across hero, metrics, projects, FAQ, team, contact, forms, footer, meta/OG and 404",assuming visual consistency implies content consistency,release-time invariant sweep + link/form destination audit,high
