recipe_id,name,sites,transform,preserve,avoid
brand-payload,Preserve Identity-Bearing Payload,refokus|rockstar-vi|nexira,Keep logo/key art/type/world cue while simplifying mechanics,brand/media identity survives; geometry/motion may change,mobile loses brand personality entirely
editorial-stack,Editorial Stack on Mobile,refokus|nudge-folio,Convert overlapping/asymmetric editorial layouts into readable single-column flow,type character/media crop survives; overlap/sticky may release,preserve desktop collage literally
code-substitute,Technical Proof Substitution,resend,Replace wide code/UI proof with narrower but truthful equivalent,same claim and evidence role,shrink code until unreadable
aspect-crop,Aspect-Ratio Asset/Crop Switching,rockstar-vi|nexira,Choose portrait/landscape/ultrawide asset or focal crop,world/subject focal point,one center crop everywhere
world-minimum-payload,Minimum Cinematic World Payload,rockstar-vi,Retain one high-value world cue and core action even when heavy media is removed,campaign identity + CTA,generic fallback page
contained-table-scroll,Contained Comparison Scroll,tokenmeter,Allow table/comparison surface to own horizontal scroll,outer document stays stable,whole-page horizontal overflow
data-density-stepdown,Density Step-Down,tokenmeter,Reduce simultaneous columns/metadata while preserving priority,"record identity, key metric, provenance",tiny text to keep all desktop columns
proof-crop,Readable Product Proof Crop,novaos,Keep UI screenshot scale readable and crop/scroll inside frame,proof semantics and text scale,uniform scale-down to illegibility
route-density-preserve,Route Density Job Preservation,novaos|voxai,Let mobile routes become taller rather than compressing every section,route purpose/order,artificially matching desktop document height
sticky-release,Release Wide Sticky Stage,powder,Convert desktop sticky proof shell to stacked normal flow when viewport gets narrow,chapter order and proof content,pinned panel consuming most mobile viewport
sticky-retain-stage,Retain Sticky When Stage Remains Complete,nexira,Keep mobile sticky only when each card is a readable full-stage chapter,one complete project/case at a time,retaining tiny partial sticky cards
context-rail-release,Context Rail -> Inline/Accordion,nudge-folio|powder,Move sticky secondary navigation into normal flow or collapsible control,local orientation function,persistent narrow rail on small screen
type-scale-role,Role-Based Type Scaling,refokus|nudge-folio|voxai,Reduce display sizes while preserving contrast between identity and body roles,relative hierarchy and personality,all roles collapse to same scale
media-drop-before-meaning,Drop Media Before Meaning,voxai|orbai,Remove/reduce decorative/product video before cutting semantic content,"claim, proof order, CTA",keeping video while hiding explanatory content
ambient-still-fallback,Ambient Video -> Still,orbai|rockstar-vi,Swap autoplay ambient media for authored still/poster where needed,"crop, contrast, world cue",blank fallback
service-stack,Service/Process Stack,orbai,Stack horizontal feature/process sections vertically and accept longer page,step order and CTA sequence,compressing copy into tiny cards
game-art-focal,Game Art Focal Preservation,nexira,Store focal point/crop metadata and re-author composition per breakpoint,character/world focal subject,blind object-fit cover
mobile-hud-reduce,HUD Density Reduction,nexira|ten-billion-years,Hide secondary instrumentation before primary story/action,chapter/title/action,retaining decorative telemetry over content
immersive-controls-reduce,Immersive Control Simplification,ten-billion-years,Hide nonessential rail/instrumentation while preserving story and sound/replay controls,narrative + required controls,desktop HUD squeezed onto mobile
reduced-render-tier,Reduced Renderer Tier,ten-billion-years,Lower particle/detail/DPR/FX before removing semantic chapters,story coverage and payoff,cutting chapters for performance
mobile-centered-route-hero,Center Route Hero on Mobile,powder|novaos|voxai,Use centered shorter route hero for focused product/trust routes,route identity + primary CTA,preserve wide desktop alignment when cramped
mobile-commercial-order,Preserve Commercial Order,voxai|powder|orbai,Stack sections without reordering proof/pricing/CTA logic unless task changes,decision sequence,visual reorder that breaks causality
mobile-zero-overflow,Outer Document Zero Overflow,tokenmeter|novaos|powder|nudge-folio|orbai|nexira|ten-billion-years|voxai,Own any necessary horizontal density inside components,viewport-stable body,body-level horizontal scroll
mobile-detail-metadata,Detail Metadata Compression,tokenmeter|voxai|nexira,Collapse metadata grids into 1-2 columns or inline groups,"identity, critical values, action",keeping desktop metadata matrix width
mobile-proof-sequence,Proof Sequence Preservation,resend|novaos|powder|voxai,Change media representation but preserve claim -> evidence -> action sequence,semantic proof chain,mobile becomes claim-only marketing
world-vocabulary-payload,Preserve World Vocabulary Payload,tobi-mallory,"reduce display scale and animation while retaining stable world terms, category names and mnemonic record cues","real job mapping, taxonomy, case proof, service clarity and one identity cue per route",mobile falling back to a generic portfolio that loses the coherent world
hover-to-touch-collection,Hover Collection -> Touch/Focus Reveal,tobi-mallory,replace hover-only flips/badge reveals with tap/focus or visible critical metadata on narrow/touch devices,"project identity, category, action and decision-critical metadata",important client/work/action information existing only behind hover
map-to-touch-taxonomy,World Map -> Touch-Safe Taxonomy,tobi-mallory,"keep spatial map when usable, with named touch targets and a conventional list/navigation fallback",all category destinations and category identity,tiny unlabeled map hotspots as the only mobile navigation
game-selector-release,Sticky Game Selector -> Flow,indiex,release desktop sticky selector into normal flow on narrow screens,"game identity, selection order, proof and action",sticky selector occupying scarce mobile viewport
one-page-motion-stepdown,One-Page Motion Step-Down,indiex,remove nonessential settled motion and reduce rendered media variants on mobile while retaining the full narrative,"section order, game identity, proof and CTA",shipping desktop motion/media cost merely to preserve parity
sector-sweep-to-vertical-stack,Sector Sweep -> Vertical Stack,echoes-of-mars,release desktop sticky viewport and collapse the wide world track into normal vertical flow,"sector order, coordinates, names, descriptions and survey conclusion",horizontal swipe or scroll hijacking as a mobile reading requirement
telemetry-density-stepdown,Telemetry Density Step-Down,echoes-of-mars,reduce display scale and spatial spread while retaining a small coherent metadata vocabulary,"world context, chapter labels, primary actions and readable contrast",dropping all telemetry until the mobile experience becomes generic or retaining desktop-sized chrome
sticky-thesis-to-flow,Sticky Thesis -> Normal Flow,refokus,release tall service/home sticky hero on narrow screens,"thesis, type identity, CTA and proof order",mobile viewport captured by desktop sticky geometry
case-sticky-media-to-stack,Case Sticky Media -> Stack,refokus,release sticky zoom/media case stage and use normal mobile media stack/marquee,"project evidence, captions and outcome",requiring scrub/hover to understand mobile case
tool-doc-scale-stepdown,Tool Docs Scale Step-Down,refokus-tools,180px library display -> 64px; 80px docs H1 -> ~36px while retaining compact context band,"install order, code/config clarity and verification",desktop typography or horizontal code/page overflow
