recipe_id,name,archetype,sites,sequence,use_when,notes
agency-home-signature,Agency Home with Signature Stage,creative-agency,refokus,identity thesis -> signature stage -> services/capabilities -> selected work -> proof -> contact,agency/brand studio needs memorable identity and proof,Keep spectacle bounded and route to work
agency-case-editorial,Editorial Agency Case Detail,creative-agency,refokus|nudge-folio,project premise -> context/problem -> intervention -> large media chapters -> outcomes -> reflection -> next project/contact,portfolio/case storytelling,Avoid uniform feature-card case pages
portfolio-home-featured,Portfolio Home + Featured Work,portfolio-editorial,nudge-folio,identity -> about signal -> featured works -> service/value signal -> contact,individual/creative portfolio,One expressive signature plus readable work list
portfolio-case-reflective,Reflective Portfolio Case,portfolio-editorial,nudge-folio,problem -> intervention -> result -> tradeoffs -> what changes next -> learning,case needs process credibility,Persistent rail optional on desktop
developer-home-proof,Developer Product Home,developer-product,resend,editorial hero -> code/product proof -> DX capabilities -> test/webhooks/editor -> contact/broadcast -> framework proof -> CTA,API/devtool marketing,Evidence precedes broad claims
developer-detail-docs-bridge,Developer Product -> Docs Bridge,developer-product,resend,product claim -> minimal implementation example -> deeper docs/action -> related capability,technical product needs low-friction adoption,Keep code truthful and copy short
cinematic-launch-home,World-Led Launch Journey,cinematic-launch,rockstar-vi,world hero -> trailer -> premise/story -> characters/world chapters -> media/exploration -> news -> back-of-box -> conversion/outro,single franchise/game campaign,One campaign job per chapter
data-directory-home,Evidence-First Directory Home,data-directory,tokenmeter,scope/thesis -> quick provider summary -> compare/directory entry -> methodology/confidence -> FAQ/glossary,reference/comparison product,Make confidence/provenance visible
data-directory-index,Directory Browse Route,data-directory,tokenmeter,filters/scope -> dense list/table -> freshness/confidence -> methodology link -> detail navigation,many comparable records,Density high but outer layout stable
data-compare,Comparison Route,data-directory,tokenmeter,comparison controls -> horizontally contained matrix -> evidence/freshness -> methodology -> selected detail actions,side-by-side decision,Internal horizontal scroll is acceptable
data-detail,One-Record Data Detail,data-directory,tokenmeter,identity -> key metrics -> evidence/provenance -> caveats -> alternatives -> update/freshness -> compare action,deep evaluation of one record,Do more than repeat directory row
enterprise-ai-home,Enterprise AI Operational Home,enterprise-ai,novaos,enterprise thesis -> model/context proof -> workspace -> knowledge/context -> pipeline -> use cases -> pricing -> FAQ -> CTA,enterprise AI platform,Operational pipeline carries product explanation
enterprise-trust-satellites,Enterprise Trust Satellite System,enterprise-ai,novaos,home core -> integrations -> pricing -> company -> blog -> careers -> contact/demo -> FAQ -> legal/privacy,trust-heavy enterprise marketing,Do not duplicate home everywhere
agent-saas-home,Agent SaaS Conversation-to-Action Home,agent-saas,powder,agent claim -> shared platform -> conversation-to-action proof -> systems/integrations -> changelog -> outcomes -> pricing -> FAQ -> testimonials/content -> CTA,AI agent/workspace product,"Show action/result, not chat alone"
agent-content-system,Agent SaaS Content + Trust Routes,agent-saas,powder,blog/changelog -> detail -> related content -> conversion; legal/support routes stay simple,agent product needs education/trust,Quarantine demo/template residue
ai-service-commercial-core,AI Service Commercial Core,ai-service,orbai,hero -> why choose -> feature/tool value -> services -> numbered process -> results -> testimonials -> pricing -> comparison -> FAQ -> CTA,focused AI service/agency offer,Keep most commercial teaching on one page
ai-service-trust-satellites,AI Service Trust Satellites,ai-service,orbai,commercial core -> contact -> privacy -> changelog -> changelog details,small service site needs support routes,Avoid many thin duplicate marketing pages
game-studio-home,Game Studio Home,game-studio,nexira,world/studio hero -> studio thesis -> services -> cases -> awards/trust -> insights -> app/contact CTA,game development/outsourcing studio,"Studio/company is product, not a single title"
game-studio-service-family,Game Studio Service Family,game-studio,nexira,service index -> service detail -> capability/process -> related cases -> contact,studio capabilities need depth,Pair every capability family with proof
game-studio-case-family,Game Studio Case Family,game-studio,nexira,case index -> case detail -> project context -> visual stages -> outcome/process -> related cases,studio must prove delivered work,Sticky project stages only when readable
immersive-single-route,Immersive Single-Route Journey,immersive-scroll-world,ten-billion-years,entry gate -> weighted chapters -> event peaks -> payoff -> delayed coda/replay,high-ambition authored scrollytelling,One authoritative progress domain
ai-saas-dense-home,AI SaaS Dense Commercial Home,ai-saas-ecosystem,voxai,hero -> trust -> how it works -> features -> solution -> stats -> agent/tool proof -> content -> cases -> pricing -> integrations -> testimonials -> FAQ -> CTA,broad AI SaaS ecosystem,Use operational micro-scenes to avoid abstract bloat
integration-index-taxonomy,Integration Index by Job Taxonomy,ai-saas-ecosystem,voxai,integration thesis -> category taxonomy -> connector list -> related proof/CTA,large integration ecosystem,Categories reflect user jobs
integration-detail-proof,Integration Detail as Implementation Proof,ai-saas-ecosystem,voxai,identity/job -> introduction -> capabilities -> installation -> setup metadata -> setup action -> sales fallback -> related integrations,integration needs setup confidence,All fields must bind to same connector record
case-study-outcome,Outcome-Structured Case Study,ai-saas-ecosystem,voxai,hero/client -> challenge -> solution/implementation -> quantified outcomes -> related cases -> CTA,B2B product case study,Verify metrics and hero/body identity
blog-editorial-family,Editorial Blog Family,ai-saas-ecosystem,voxai|powder|novaos,blog index -> featured/recent -> article metadata -> long-form body -> related -> conversion,content/SEO education,Run duplicate-content canary across family
pricing-compressed,Compressed Pricing Decision Route,ai-saas-ecosystem,voxai|novaos|powder,pricing thesis -> plans -> proof/comparison -> testimonial/FAQ -> CTA,visitor already understands product,Keep page shorter than product home
legal-trust-route,Legal / Policy Trust Route,enterprise-ai,novaos|voxai|powder|orbai,document identity/date -> legal sections -> contact/footer,legal compliance/trust,No template placeholders or stale domains
branded-404,Branded 404 Recovery,generic,voxai|powder,clear error -> recovery action -> optional brand cue -> footer,utility route exists,Do not give 404 equal design weight to core routes
whimsical-world-home,Whimsical World Portfolio Home,whimsical-world-portfolio,tobi-mallory,identity -> teach world vocabulary -> featured collection -> case proof -> taxonomy -> evolution proof -> world map -> truthful stats/achievements -> service quests -> process -> about/origin -> logbook -> contact/save point,a personal/studio portfolio uses one coherent fictional/collectible system to organize real work and services,teach how to read the metaphor early; keep real role and navigation visible
fieldbook-collection-index,Mnemonic Collection Index,whimsical-world-portfolio,tobi-mallory,collection thesis -> numbered/typed records -> mnemonic identity + real project cue -> direct detail action -> contact,a compact body of work benefits from collection memory and browsing,critical metadata cannot live only on hover/flip back faces
field-entry-case-detail,Mnemonic Case Detail,whimsical-world-portfolio,tobi-mallory,mnemonic title/number/type -> premise -> client/year/scope/result -> brief -> intervention -> outcome -> related/evolved records -> contact,a creative case study needs memorable identity plus conventional professional evidence,use one meaningful H1 even if display treatment visually resembles a section title
type-taxonomy-detail,World Taxonomy Detail,whimsical-world-portfolio,tobi-mallory,real category title -> short promise -> world/category identity -> related work/index action -> all categories -> contact,discipline/category routes are navigational taxonomy surfaces rather than full sales pages,"category label must remain semantic text, not only color or emblem"
quest-service-detail,Themed Productized Service Detail,whimsical-world-portfolio,tobi-mallory,themed service title -> plain outcome -> price/range -> duration -> approach -> deliverables -> primary action -> all services -> contact,small creative service offers have fixed or bounded scope,metaphor never replaces price/timing/deliverable clarity
one-page-game-studio-home,One-Page Game Studio Home,game-studio,indiex,hero -> scale proof -> media reset -> services -> featured games -> character/world art -> testimonials -> FAQ -> team -> contact -> final trust -> footer,compact game studio/service marketing can support one complete decision journey,split into route families when cases/services need deep proof or search intent
one-page-404-recovery,One-Page Studio 404 Recovery,generic,indiex,clear error -> return home -> essential anchors -> footer,single-route marketing still needs branded recovery,return real HTTP 404; keep utility route out of sitemap unless intentionally indexable
single-title-atmospheric-game-home,Single-Title Atmospheric Game Campaign,cinematic-game,echoes-of-mars,hero -> trailer -> premise -> world survey -> story -> gameplay -> systems -> recovered footage -> character -> sound -> release -> press -> final wishlist,one narrative game title needs a complete marketing journey without multi-route depth,every chapter needs one proof/decision job; quarantine fictional claims and placeholder external destinations
