site_id,display_font,heading_font,body_font,utility_font,desktop_scale,mobile_scale,role_strategy,mood_keywords,best_for,avoid,transfer_rule,evidence
"refokus","Featuredeck","Featuredeck / General Sans Variable","General Sans Variable","General Sans Variable","signature display ~88px; H1 copy ~20.8px","signature display ~35.2px; H1 copy ~17.6px","serif owns emotional/editorial identity; sans owns explanation, navigation and utility","editorial;premium;human;contemporary","agency/brand storytelling with strong art direction","using display serif for dense long-form UI","preserve role contrast, choose fonts belonging to the new brand","live-computed"
"resend","Domaine","ABC Favorit","Inter","Commit Mono","hero 96px; major headings 56px","hero 64px; major headings 48px","serif hero creates brand emotion; sans supports product narrative; mono encodes code/technical proof","technical;editorial;precise;premium","developer products and infrastructure","mono-everywhere terminal cosplay","use three roles only when product proof justifies the technical layer","live-computed"
"rockstar-vi","ArtDecoBold/ArtDecoCondensedBold","ArtDeco family","ArtDecoRegular + system fallback surfaces","ArtDecoMedium","campaign headings observed ~57.6px plus artwork-led title treatment","observed campaign heading ~27.3px with responsive artwork doing more identity work","bespoke family carries franchise identity across condensed/regular/bold roles","cinematic;period;franchise;dramatic","original entertainment IP with licensed/custom type","copying franchise typography into unrelated products","use an original type family tied to the campaign world and pair it with responsive art direction","live-computed"
"tokenmeter","Archivo Variable","Archivo Variable","Archivo Variable","JetBrains Mono Variable","H1 ~70.4px; section H2 24px","H1 ~33.6px at actual narrow viewport; H2 ~18.4px","sans establishes hierarchy; mono is reserved for identifiers, prices and scan-critical data","data;editorial;utilitarian;credible","directories, benchmarks and comparison tools","decorative font proliferation in dense data UI","separate narrative hierarchy from machine-readable data roles","live-computed"
"novaos","DM Sans Variable","DM Sans Variable","Geist / Inter","Geist","H1 62px; H2 46px","H1 34px; H2 27px","friendly geometric display headlines over neutral highly-readable product/utility typography","enterprise;calm;modern;approachable","enterprise AI and B2B SaaS","over-stylized display faces that undermine operational trust","one display family plus neutral UI family is sufficient","live-computed"
"powder","Inter Display / Inter","Inter","Inter","Inter","H1 56px; H2 40px; metric H1 144px","H1 36px; H2 32px","single sans system gains hierarchy through scale, weight and metric typography rather than extra families","premium;clean;modern;saas","AI SaaS and long-form product marketing","introducing decorative fonts when proof already carries visual complexity","use scale/weight contrast before adding families","live-computed"
"nudge-folio","Flux Variable","Flux Variable / Inter Display","Inter Display","DM Mono + Just Me Again Down Here accent","identity 150px; section display 120px; project titles 68px","identity 80px; section display 56px","four roles are explicit: loud identity, readable project headings, mono metadata, tiny handwritten personality accents","expressive;editorial;playful;personal","creative portfolios with disciplined art direction","using novelty fonts without strict semantic roles","every font must have one job and disappear outside it","live-computed"
"orbai","Inter","Satoshi","Satoshi / Inter","Inter","brand H1 100px; major H2 56px","brand H1 40px; major H2 36px","simple sans pairing separates brand wordmark scale from service/product explanation","clean;service;commercial;modern","agencies and productized services","excess typography roles on a simple commercial site","keep type roles minimal and let section structure do the work","live-computed"
"nexira","Oswald","Oswald","Inter","Inter / Oswald HUD labels","H1 80px; H2 48px; project H3 36px","H1 52px; H2 36px","condensed all-caps headings create game/studio energy; neutral sans handles supporting copy","gaming;industrial;condensed;energetic","game studios and entertainment services","all-caps condensed type for long paragraphs","use condensed display only for identity, project titles and HUD-like labels","live-computed"
"ten-billion-years","Instrument Serif","Instrument Serif","Inter","JetBrains Mono","opening display 128px; chapter display ~73.6px; H1 ~70.4px","opening display ~46.4px; chapter display ~38.4px","serif carries cosmic narrative, mono carries HUD/time/state, sans handles neutral body/controls","cinematic;literary;scientific;cosmic","immersive editorial storytelling","using mono as narrative body or serif for instrument labels","separate story voice, system voice and neutral UI voice","live-computed"
"voxai","Cal Sans","Cal Sans","Inter Display","Inter Display","split hero wordmark 270/240px; section headings 46px","hero 114px; section headings 26px","massive geometric display owns brand impact; neutral sans handles product copy and UI","bold;tech;brand-forward;media-rich","high-energy SaaS with strong brand assets","giant type without responsive wrap control","one oversized brand gesture, then return to readable product typography","live-computed"
"tobi-mallory","Bricolage Grotesque","Bricolage Grotesque","Bricolage Grotesque","Space Mono","H1 168px; major H2 92px","H1 80px; major H2 46px","chunky display/body language makes the world friendly; mono marks collection metadata and system flavor","playful;warm;collectible;friendly","illustrated portfolios and world-like catalogs","letting playful display type erase utility/metadata clarity","pair expressive primary type with a quieter system/metadata role","live-computed"
indiex,Oswald,Oswald,Inter,Inter Display / Inter,H1 96px/106px; H2 48px/58px; H3 32px/42px,H1 48px/58px; H2 32px/42px; H3 24px/34px,"condensed uppercase display establishes game/studio identity while neutral sans handles narrative, navigation, forms and utility",gaming;condensed;dark;direct;industrial,compact game studio/service marketing with strong original art,all-caps condensed body copy or copying the exact pairing as genre shorthand,preserve display-vs-utility role contrast and responsive ratio; select fonts belonging to the new brand,live-computed
"echoes-of-mars","Saira Variable","Saira Variable","Saira Variable","Datatype Variable","hero H1 190px/155.8px; H2 70px/65.8px; mechanic/gameplay 126px/108.36px; H3 30px/31.8px; telemetry 11px/14.3px","hero H1 56px/49.28px; H2 33px/33px; mechanic/gameplay 46px/41.4px; H3 21px/23.1px","one expressive sans spans display/narrative while a compact mono role carries coordinates, counters, IDs and operational provenance","atmospheric;scientific;field-report;quiet;cinematic;industrial","world-led narrative campaigns where metadata can carry genuine context","using mono telemetry for long body copy or copying the exact font pair as sci-fi shorthand","preserve expressive narrative vs compact telemetry roles and aggressive responsive scale reduction; choose brand-owned fonts","live-computed"
