site_id,guideline_id,category,platform,issue,do,dont,severity,evidence
refokus,refokus-bounded-immersive-cost,Performance,web,Immersive media scope,mount/pause heavy renderer or video only where it creates identity and provide a static fallback,run full-page heavy rendering merely because one hero benefits from it,High,high
refokus,refokus-overlay-navigation,Navigation,web,Fixed overlay navigation,"trap focus in open menu, expose close action and preserve underlying scroll/focus state",allow overlay menu to become a focus/scroll dead end,High,high
resend,resend-code-mobile-legibility,Responsive,web,Code proof on narrow screens,substitute or contain code so syntax remains readable at natural scale,shrink a desktop code panel until tokens are illegible,High,high
resend,resend-proof-truthfulness,Content,web,Technical proof integrity,use plausible code/API/event shapes that match the product mental model,use decorative fake syntax as marketing texture,High,high
rockstar-vi,rockstar-user-invoked-video,Media,web,Cinematic video control,load/play trailer on intent and expose pause/mute/close,require long autoplay video for understanding,Critical,high
rockstar-vi,rockstar-aspect-art-direction,Responsive,web,Key-art focal preservation,"author crop/asset variants for portrait, landscape and ultrawide",use one center-crop image for all aspect ratios,High,high
tokenmeter,token-contained-density,Responsive,web,Wide comparison surfaces,own horizontal overflow inside a bounded table/component or offer record view,allow whole-document horizontal scrolling,High,high
tokenmeter,token-evidence-near-value,Trust,web,Data confidence and methodology,place freshness/source/confidence cues near qualified values,hide uncertainty and method only in footer/legal copy,Critical,high
novaos,nova-proof-readable-scale,Responsive,web,Product proof legibility,crop or recompose wide UI proof while keeping readable scale,scale screenshots until interface text becomes decorative noise,High,high
novaos,nova-scroll-lifecycle,Motion,web,Smooth/sticky scroll lifecycle,respect reduced motion and stop custom scroll when modal/overlay locks input,let global smooth-scroll engine ignore accessibility and scroll locks,High,medium
powder,powder-sticky-release,Responsive,web,Sticky stage occupancy,release sticky panels on narrow screens when they obstruct reading,force desktop sticky geometry into a small viewport,High,high
powder,powder-causal-agent-proof,Content,web,Agent outcome clarity,show question/context -> source -> artifact/action -> resulting state,stop proof at a chat response with no observable outcome,High,high
nudge-folio,nudge-drag-optional,Interaction,web,Experimental drag surfaces,keep drag/cursor play optional and bounded with normal links available,require dragging to reach core navigation or case content,Critical,high
nudge-folio,nudge-typography-role-discipline,Typography,web,Multiple expressive fonts,assign one semantic job to each typeface and remove it elsewhere,mix novelty fonts across body copy and controls,High,high
orbai,orbai-ambient-video-boundary,Media,web,Ambient marketing video,confine autoplay ambience to signature zones and honor reduced motion,cover many sections with autoplay background video,High,medium
orbai,orbai-pricing-proof,Trust,web,Pricing differentiation,follow plans with verifiable dimensions/process/results,use vague superiority tables that cannot be checked,High,high
nexira,nexira-hud-secondary,Typography,web,HUD-style metadata hierarchy,keep art/title/action primary and HUD labels secondary,let decorative instrumentation dominate content,Medium,high
nexira,nexira-sticky-by-job,Responsive,web,Sticky case stages,retain sticky only when a complete readable project stage fits the viewport,apply a blanket keep/remove sticky rule by breakpoint alone,High,high
ten-billion-years,cosmos-reduced-motion-story,Accessibility,web,Reduced-motion immersive narrative,provide a coherent DOM/static narrative path with final semantic states,turn off animation and leave an incomplete/blank story,Critical,high
ten-billion-years,cosmos-audio-opt-in,Accessibility,web,Narrative audio,make audio opt-in with mute and full silent comprehension,autoplay or require sound to understand the experience,Critical,high
voxai,vox-mobile-media-substitute,Responsive,web,Heavy product media on mobile,replace canvas/video with semantic still/UI/text proof when cost or space is excessive,ship desktop media unchanged at mobile cost,High,high
voxai,vox-route-binding-identity,Quality,web,Dynamic route binding,"verify slug, canonical, title, H1, body, media, metadata and CTA point to the same record",assume unique slugs guarantee unique correctly-bound content,Critical,high
tobi-mallory,tobi-hover-touch-parity,Interaction,web,Hover-dependent collection cards,expose the same project identity/action on focus/tap and keep critical data visible,hide project meaning only behind hover,Critical,high
tobi-mallory,tobi-metaphor-decoding,Navigation,web,Playful world vocabulary,pair every world term with a conventional visible/accessibility cue,"make visitors learn lore before they can find projects, services or contact",High,high
indiex,indiex-template-identity-integrity,Quality,web,Template identity/content consistency,"run one release-time invariant across hero, metrics, games, FAQ, team, contact, forms, footer, meta/OG and 404","ship mixed Indiex/Nexira/ThemeForest identity, fitness residue, conflicting contacts or dead service links",Critical,high
indiex,indiex-semantic-interactive-controls,Accessibility,web,Pseudo-tab and accordion semantics,use semantic buttons/tabs with selected or expanded ARIA state and expose explicit media controls when playback matters,"rely on tabindex DIVs with pointer cursor but no role/state, or meaningful video with no accessible control",High,high
echoes-of-mars,echoes-exact-campaign-destinations,Trust,web,High-intent campaign destination integrity,"verify wishlist, trailer, community, soundtrack, press-kit and legal actions resolve to the exact intended resource",treat Steam/YouTube/social platform roots or example.com as acceptable final CTA destinations,Critical,high
echoes-of-mars,echoes-input-language-adaptation,Responsive,web,Pointer-specific instruction copy,switch or remove hover/click/drag instructions according to input capability and preserve direct readable content,show HOVER TO SURVEY unchanged on coarse-pointer/mobile layouts,High,high
echoes-of-mars,echoes-document-semantics,Accessibility,web,Document language and heading hierarchy,set the page language and keep one page-level H1 with mechanic rows at the appropriate heading/list level,ship an empty lang attribute or use repeated H1s merely to obtain large type,High,high
refokus,refokus-route-canonical-parity,SEO,web,Canonical parity across indexable route families,verify every sitemap route owns the intended canonical path and host,ship /startups with canonical /startup or leave work/categories ambiguous,Critical,high
refokus,refokus-media-directory-lifecycle,Performance,web,Media-dense work directory lifecycle,defer and pause offscreen previews; keep project identity/action readable without video,let 37 preview videos behave as always-on ambient media,High,high
refokus,refokus-sticky-owner-release,Responsive,web,Desktop sticky ownership on mobile,release hero/case/article sticky mechanics when narrow geometry harms reading,shrink sticky desktop mechanics into a 390px viewport,High,high
refokus-tools,refokus-tools-document-metadata,Accessibility,web,Tool/docs language and canonical metadata,set document language and deliberate canonical on every indexable tool/styleguide route,ship a sitemap-backed docs surface with empty lang and no canonical,High,high
refokus-tools,refokus-tools-semantic-hero,Accessibility,web,Visual phrase vs semantic heading structure,use one page H1 and spans/presentation layers for fragmented display words,split one visual phrase plus supporting tagline across four H1 elements,High,high
resend,resend-docs-scroll-ownership,Accessibility,web,Docs nested scrolling,"test fixed nav, internal scroll, anchors, search focus and keyboard navigation",assume no outer overflow means nested docs accessible,High,http-census+chrome-render
resend,resend-sitemap-200-contract,SEO,web,Sitemap declared URL status,request every declared URL; remove broken /shop or restore meaningful route,assume sitemap presence guarantees live page,High,http-census+chrome-render
resend,resend-release-feed-budget,Performance,web,Release-feed resource cost,paginate/virtualize deep changelog and lazy-load media preserving dated anchors,ship 68k-pixel document and 273 images as universal default,High,http-census+chrome-render
resend,resend-route-heading-semantic,Accessibility,web,Missing or repeated route H1,validate meaningful H1 on promotional routes and correct multi-title composition,use multiple decorative H1 or omit headings,Medium,http-census+chrome-render
battlez,battlez-cart-button-semantics,Accessibility,web,Cart activation control,"render Add To Cart as named semantic button, verify Enter/Space, cart badge and feedback",non-navigating a without href as the primary purchase control,High,chrome-observed
battlez,battlez-route-title-uniqueness,SEO,web,Unique title across 75 routes,generate product/article/category-specific document title per sitemap URL,publish identical Battlez - Gaming Framer Template title on every page,High,chrome-observed
battlez,battlez-commerce-cms-domain,Content,web,CMS fixture domain isolation,enforce game-specific product taxonomy and quarantine imported toy/beauty/home fixtures,let unrelated categories contaminate a gaming catalog,High,chrome-observed
battlez,battlez-contact-first-last-label,Accessibility,web,Contact form input identity,label first name and last name distinctly for screen readers and form submission,reuse only Name on both text inputs,Medium,chrome-observed
nouva,nouva-pricing-toggle-function,Interaction,web,Billing switch interaction,ensure switching Monthly/Yearly changes plan units/totals and announces state,show Yearly discount switch that remains inactive and keeps monthly rates,High,Chrome-observed
nouva,nouva-contact-cta-alignment,Conversion,web,Trial wording vs destination,align Try for free / Get started language with actual contact-lead workflow or supply direct signup,promise instant product use while routing only to lead form,High,Chrome-observed
nouva,nouva-auth-purpose-inputs,Accessibility,web,Email and OTP input semantics,"give email type, OTP one-time-code autocomplete and secure validation/status messaging",ship generic text input with unverified code success states,High,Chrome-observed
nouva,nouva-metric-fallback-and-proof,Trust,web,Scroll-revealed marketing metrics,"show stable accessible numeric targets, motion fallback, and source-backed customer proof",show repeated 0%/0.0x or imply audited team productivity,High,Chrome-observed
echoes-of-mars,echoes-reduced-motion-survey-fallback,Accessibility,web,Reduced-motion horizontal world survey,check reduced-motion preference and provide stationary six-sector reading flow with no long scroll-linked x-axis transform,assume reduced-motion mode automatically disables custom scroll animations,High,Chrome rendered 2026-10-08
ten-billion-years,cosmos-semantic-current-chapter,Accessibility,web,Chapter rail active-step semantics,set aria-current=step for the active chapter button from the same shared progress bus as CSS active class,use visual is-active class alone or announce every changing year digit via noisy aria-live,Medium,Chrome/Playwright 2026-10-08
fizens,fizens-title-seo-uniqueness,SEO,web,Route title uniqueness,unique title for core/partner/legal routes,use one Framer Template title on 21 routes,High,Chrome+HTTP 2026-10-08
fizens,fizens-job-title-cms-consistency,Content,web,Role slug/title/heading mismatch,verify four job URLs match CMS title and H1 and requirements,render Product Designer on every career detail,Critical,Chrome+HTTP 2026-10-08
fizens,fizens-finance-claims-evidence,Trust,web,Money claims and security proof,validate all financial/security outcomes with real implementation and sources,infer verified wealth gains from demo artwork,High,Chrome+HTTP 2026-10-08
fizens,fizens-heading-semantic-hierarchy,Accessibility,web,Multiple H1 in hero/prices,use one H1 and ordinary priced plan text,render 3 H1 fragments and price H1s,Medium,Chrome+HTTP 2026-10-08
fizens,fizens-download-specificity,Navigation,web,Store badge destination specificity,link each app to real released product listing,Apple generic store and Play Games index,High,Chrome+HTTP 2026-10-08
